model_a,model_b,model_a_error_n,model_b_error_n,co_error_n,error_union_n,jaccard_error_similarity,p_b_wrong_given_a_wrong
DenseNet-121,EfficientNet-B0,217,193,131,279,0.46953405017921146,0.6036866359447005
DenseNet-121,ResNet-18,217,156,119,254,0.468503937007874,0.5483870967741935
EfficientNet-B0,ResNet-50,193,257,143,307,0.46579804560260585,0.7409326424870466
EfficientNet-B0,ResNet-18,193,156,110,239,0.4602510460251046,0.5699481865284974
ResNet-18,STU-Net,156,122,85,193,0.44041450777202074,0.5448717948717948
ResNet-18,ResNet-50,156,257,123,290,0.4241379310344828,0.7884615384615384
DenseNet-121,ResNet-50,217,257,141,333,0.42342342342342343,0.6497695852534562
EfficientNet-B0,STU-Net,193,122,93,222,0.4189189189189189,0.48186528497409326
DenseNet-121,STU-Net,217,122,90,249,0.3614457831325301,0.4147465437788018
STU-Net,Swin-UNETR,122,164,74,212,0.3490566037735849,0.6065573770491803
ResNet-50,ViT-Base,257,189,110,336,0.3273809523809524,0.4280155642023346
ResNet-50,STU-Net,257,122,92,287,0.3205574912891986,0.35797665369649806
ResNet-18,Swin-UNETR,156,164,75,245,0.30612244897959184,0.4807692307692308
EfficientNet-B0,Swin-UNETR,193,164,81,276,0.29347826086956524,0.41968911917098445
DenseNet-121,Swin-UNETR,217,164,85,296,0.28716216216216217,0.391705069124424
ResNet-50,Swin-UNETR,257,164,88,333,0.26426426426426425,0.3424124513618677
Swin-UNETR,ViT-Base,164,189,69,284,0.24295774647887325,0.42073170731707316
ResNet-18,ViT-Base,156,189,62,283,0.21908127208480566,0.3974358974358974
EfficientNet-B0,ViT-Base,193,189,62,320,0.19375,0.32124352331606215
STU-Net,ViT-Base,122,189,46,265,0.17358490566037735,0.3770491803278688
DenseNet-121,ViT-Base,217,189,58,348,0.16666666666666666,0.2672811059907834
