referral_strategy,label_free,statistic,referral_pct,referred_n,auto_n,coverage,roc_auc,accuracy,sensitivity,specificity,false_positive_rate,false_negative_rate,high_confidence_error_rate,auto_error_rate,auto_error_cluster_ci_low,auto_error_cluster_ci_high,expected_auto_error_n
ensemble_margin,True,selected_subset,0,0,917,1.0,0.8876336464055762,0.8505997818974919,0.7160493827160493,0.8636363636363636,0.13636363636363635,0.2839506172839506,0.0,0.14940021810250817,0.11657947551855292,0.1847732688351259,
ensemble_margin,True,selected_subset,5,46,871,0.9498364231188658,0.8978954234902324,0.8645235361653272,0.7534246575342466,0.87468671679198,0.12531328320802004,0.2465753424657534,0.0,0.1354764638346728,0.10466113169591044,0.17178670830472562,
ensemble_margin,True,selected_subset,10,92,825,0.8996728462377317,0.9074819316688567,0.8751515151515151,0.75,0.885676741130092,0.11432325886990802,0.25,0.0,0.12484848484848485,0.09388316675658026,0.15770235870548535,
ensemble_margin,True,selected_subset,15,138,779,0.8495092693565977,0.9177561427909133,0.889602053915276,0.75,0.9012517385257302,0.09874826147426982,0.25,0.0,0.110397946084724,0.08280168353369227,0.14248519067012216,
ensemble_margin,True,selected_subset,20,184,733,0.7993456924754635,0.929571896532249,0.9085948158253752,0.7307692307692307,0.922173274596182,0.07782672540381791,0.2692307692307692,0.0,0.09140518417462483,0.06479481542165452,0.12024078486468012,
ensemble_margin,True,selected_subset,30,276,641,0.6990185387131952,0.9528940886699507,0.9453978159126365,0.78125,0.9540229885057471,0.04597701149425287,0.21875,0.0,0.054602184087363496,0.03386567041206216,0.08075473167335422,
ensemble_margin,True,selected_subset,40,367,550,0.5997818974918212,0.9750475285171103,0.9727272727272728,0.7916666666666666,0.9809885931558935,0.019011406844106463,0.20833333333333334,0.0,0.02727272727272727,0.012720478809446783,0.046186436798447195,
STU-Net_margin,True,selected_subset,0,0,917,1.0,0.8876336464055762,0.8505997818974919,0.7160493827160493,0.8636363636363636,0.13636363636363635,0.2839506172839506,0.0,0.14940021810250817,0.11666313559322034,0.18382599233359606,
STU-Net_margin,True,selected_subset,5,46,871,0.9498364231188658,0.8939265488826342,0.8656716417910447,0.7027027027027027,0.8808030112923463,0.1191969887076537,0.2972972972972973,0.0,0.13432835820895522,0.10457272461223295,0.1661043829296424,
STU-Net_margin,True,selected_subset,10,92,825,0.8996728462377317,0.9047965974874965,0.8872727272727273,0.6716417910447762,0.9063324538258575,0.09366754617414248,0.3283582089552239,0.0,0.11272727272727273,0.08543892748943273,0.14231718611548635,
STU-Net_margin,True,selected_subset,15,138,779,0.8495092693565977,0.9171302735280482,0.9101412066752247,0.6833333333333333,0.9290681502086231,0.07093184979137691,0.31666666666666665,0.0,0.08985879332477535,0.06305991305991306,0.12021409800860418,
STU-Net_margin,True,selected_subset,20,184,733,0.7993456924754635,0.9234846266471449,0.9304229195088677,0.62,0.9531478770131772,0.04685212298682284,0.38,0.0,0.06957708049113233,0.048322167663956424,0.09371150927600166,
STU-Net_margin,True,selected_subset,30,276,641,0.6990185387131952,0.9352714984852015,0.9656786271450858,0.5357142857142857,0.9853181076672104,0.01468189233278956,0.4642857142857143,0.0,0.0343213728549142,0.018347923524056307,0.054317310229818574,
STU-Net_margin,True,selected_subset,40,367,550,0.5997818974918212,0.9446961620469083,0.9818181818181818,0.5,0.9944029850746269,0.005597014925373134,0.5,0.0,0.01818181818181818,0.006920415224913495,0.03148495827843653,
EfficientNet-B0_margin,True,selected_subset,0,0,917,1.0,0.8876336464055762,0.8505997818974919,0.7160493827160493,0.8636363636363636,0.13636363636363635,0.2839506172839506,0.0,0.14940021810250817,0.11557305759567066,0.18409310142840252,
EfficientNet-B0_margin,True,selected_subset,5,46,871,0.9498364231188658,0.898924197285667,0.8633754305396096,0.7368421052631579,0.8754716981132076,0.12452830188679245,0.2631578947368421,0.0,0.13662456946039037,0.1053268765133172,0.17370637454585489,
EfficientNet-B0_margin,True,selected_subset,10,92,825,0.8996728462377317,0.9043598460791273,0.8690909090909091,0.7464788732394366,0.8806366047745358,0.11936339522546419,0.2535211267605634,0.0,0.13090909090909092,0.10068346067822466,0.16730995027713602,
EfficientNet-B0_margin,True,selected_subset,15,138,779,0.8495092693565977,0.9185751748251748,0.8780487804878049,0.78125,0.8867132867132868,0.11328671328671329,0.21875,0.0,0.12195121951219512,0.09230724299065421,0.15646974319481058,
EfficientNet-B0_margin,True,selected_subset,20,184,733,0.7993456924754635,0.925037147102526,0.8908594815825375,0.7833333333333333,0.9004457652303121,0.09955423476968796,0.21666666666666667,0.0,0.10914051841746249,0.08055266943734016,0.14305369287788475,
EfficientNet-B0_margin,True,selected_subset,30,276,641,0.6990185387131952,0.9419617762788083,0.9032761310452418,0.8125,0.9106239460370995,0.0893760539629005,0.1875,0.0,0.0967238689547582,0.06656043191774634,0.12624837366640645,
EfficientNet-B0_margin,True,selected_subset,40,367,550,0.5997818974918212,0.9609553123575012,0.9218181818181819,0.9117647058823529,0.9224806201550387,0.07751937984496124,0.08823529411764706,0.0,0.07818181818181819,0.05051884114079236,0.11154618317337303,
mean_individual_margin,True,selected_subset,0,0,917,1.0,0.8876336464055762,0.8505997818974919,0.7160493827160493,0.8636363636363636,0.13636363636363635,0.2839506172839506,0.0,0.14940021810250817,0.11476398141525439,0.1875096252566735,
mean_individual_margin,True,selected_subset,5,46,871,0.9498364231188658,0.8970198567175898,0.8645235361653272,0.7142857142857143,0.8790931989924433,0.12090680100755667,0.2857142857142857,0.0,0.1354764638346728,0.10279850335037911,0.16897169658414035,
mean_individual_margin,True,selected_subset,10,92,825,0.8996728462377317,0.9109293651410366,0.8848484848484849,0.7647058823529411,0.8956406869220608,0.10435931307793923,0.23529411764705882,0.0,0.11515151515151516,0.08708940449794109,0.14359060402684562,
mean_individual_margin,True,selected_subset,15,138,779,0.8495092693565977,0.9215808993973111,0.9011553273427471,0.75,0.913769123783032,0.08623087621696801,0.25,0.0,0.09884467265725289,0.07407070707070706,0.1270568508308743,
mean_individual_margin,True,selected_subset,20,184,733,0.7993456924754635,0.9337300902765798,0.9181446111869032,0.7450980392156863,0.9310850439882697,0.0689149560117302,0.2549019607843137,0.0,0.08185538881309687,0.05761588544935687,0.10761464671323398,
mean_individual_margin,True,selected_subset,30,276,641,0.6990185387131952,0.9502863790943261,0.9422776911076443,0.7027027027027027,0.956953642384106,0.04304635761589404,0.2972972972972973,0.0,0.057722308892355696,0.03502071260954935,0.08333978328173373,
mean_individual_margin,True,selected_subset,40,367,550,0.5997818974918212,0.9740120452107912,0.9836363636363636,0.782608695652174,0.9924098671726755,0.007590132827324478,0.21739130434782608,0.0,0.016363636363636365,0.0055241029688543495,0.029850746268656716,
std_p,True,selected_subset,0,0,917,1.0,0.8876336464055762,0.8505997818974919,0.7160493827160493,0.8636363636363636,0.13636363636363635,0.2839506172839506,0.0,0.14940021810250817,0.11562878157730726,0.1860737014164653,
std_p,True,selected_subset,5,46,871,0.9498364231188658,0.8917612442202606,0.8495981630309989,0.7307692307692307,0.8612862547288777,0.13871374527112232,0.2692307692307692,0.0,0.15040183696900114,0.118054107071911,0.18584947345882077,
std_p,True,selected_subset,10,92,825,0.8996728462377317,0.8972056251821626,0.8472727272727273,0.7534246575342466,0.8563829787234043,0.14361702127659576,0.2465753424657534,0.0,0.15272727272727274,0.11679623750639397,0.19227060630114018,
std_p,True,selected_subset,15,138,779,0.8495092693565977,0.8979668974297763,0.8446726572528883,0.7605633802816901,0.8531073446327684,0.14689265536723164,0.23943661971830985,0.0,0.15532734274711169,0.11844776469769949,0.1963781334139145,
std_p,True,selected_subset,20,184,733,0.7993456924754635,0.8937270822420116,0.8403819918144612,0.7536231884057971,0.8493975903614458,0.15060240963855423,0.2463768115942029,0.0,0.15961800818553887,0.12267088991730522,0.2027570981343081,
std_p,True,selected_subset,30,276,641,0.6990185387131952,0.888675259965338,0.828393135725429,0.765625,0.8353552859618717,0.16464471403812825,0.234375,0.0,0.17160686427457097,0.13241604065399912,0.21545806757682778,
std_p,True,selected_subset,40,367,550,0.5997818974918212,0.8689014625814028,0.8072727272727273,0.7543859649122807,0.8133874239350912,0.18661257606490872,0.24561403508771928,0.0,0.19272727272727272,0.14801258129504183,0.23710625435945126,
max_p_gap,True,selected_subset,0,0,917,1.0,0.8876336464055762,0.8505997818974919,0.7160493827160493,0.8636363636363636,0.13636363636363635,0.2839506172839506,0.0,0.14940021810250817,0.11841389419143714,0.1836851015019094,
max_p_gap,True,selected_subset,5,46,871,0.9498364231188658,0.8934102887444627,0.851894374282434,0.7307692307692307,0.8638083228247163,0.13619167717528374,0.2692307692307692,0.0,0.14810562571756603,0.11587378371378888,0.18294967727194833,
max_p_gap,True,selected_subset,10,92,825,0.8996728462377317,0.9001202273389682,0.8545454545454545,0.7534246575342466,0.8643617021276596,0.1356382978723404,0.2465753424657534,0.0,0.14545454545454545,0.11046067111622808,0.18466086044300684,
max_p_gap,True,selected_subset,15,138,779,0.8495092693565977,0.9039877554397286,0.8549422336328626,0.7647058823529411,0.8635724331926864,0.13642756680731363,0.23529411764705882,0.0,0.14505776636713735,0.10966219955724225,0.18499502792190153,
max_p_gap,True,selected_subset,20,184,733,0.7993456924754635,0.898391713234292,0.8458390177353342,0.7575757575757576,0.8545727136431784,0.1454272863568216,0.24242424242424243,0.0,0.15416098226466576,0.1151632870615332,0.19096748486479492,
max_p_gap,True,selected_subset,30,276,641,0.6990185387131952,0.8912220620043259,0.8361934477379095,0.7543859649122807,0.8441780821917808,0.1558219178082192,0.24561403508771928,0.0,0.16380655226209048,0.12302654842713223,0.20627737257374618,
max_p_gap,True,selected_subset,40,367,550,0.5997818974918212,0.871602449223417,0.8127272727272727,0.7407407407407407,0.8205645161290323,0.17943548387096775,0.25925925925925924,0.0,0.18727272727272729,0.13957926545007399,0.23161816633433036,
vote_entropy,True,selected_subset,0,0,917,1.0,0.8876336464055762,0.8505997818974919,0.7160493827160493,0.8636363636363636,0.13636363636363635,0.2839506172839506,0.0,0.14940021810250817,0.11758360302049622,0.1841439909297052,
vote_entropy,True,selected_subset,5,46,871,0.9498364231188658,0.8981484621384245,0.8656716417910447,0.7297297297297297,0.8782936010037641,0.12170639899623588,0.2702702702702703,0.0,0.13432835820895522,0.10243976533989091,0.16875462870909083,
vote_entropy,True,selected_subset,10,92,825,0.8996728462377317,0.9061963508603825,0.8715151515151515,0.7424242424242424,0.8827404479578392,0.11725955204216074,0.25757575757575757,0.0,0.12848484848484848,0.09766279007706194,0.16425093345063935,
vote_entropy,True,selected_subset,15,138,779,0.8495092693565977,0.9170433007727073,0.8818998716302953,0.7719298245614035,0.8905817174515236,0.10941828254847645,0.22807017543859648,0.0,0.11810012836970475,0.08754112753437701,0.15173396960673152,
vote_entropy,True,selected_subset,20,184,733,0.7993456924754635,0.9280717761557178,0.8935879945429741,0.75,0.9036496350364963,0.09635036496350365,0.25,0.0,0.10641200545702592,0.07546802254349425,0.14021199206187906,
vote_entropy,True,selected_subset,30,276,641,0.6990185387131952,0.9512961508248233,0.921996879875195,0.7631578947368421,0.9320066334991708,0.06799336650082918,0.23684210526315788,0.0,0.078003120124805,0.05192008126910145,0.10862339599725404,
vote_entropy,True,selected_subset,40,367,550,0.5997818974918212,0.9567837465564738,0.9418181818181818,0.7272727272727273,0.9507575757575758,0.04924242424242424,0.2727272727272727,0.0,0.05818181818181818,0.03521919249800881,0.08814257104954333,
hard_case_score,False,selected_subset,0,0,917,1.0,0.8876336464055762,0.8505997818974919,0.7160493827160493,0.8636363636363636,0.13636363636363635,0.2839506172839506,0.0,0.14940021810250817,0.11853463436968217,0.18592303347981856,
hard_case_score,False,selected_subset,5,46,871,0.9498364231188658,0.9374391600611877,0.8874856486796785,0.8055555555555556,0.8948685857321652,0.10513141426783479,0.19444444444444445,0.0,0.11251435132032148,0.08127073953830424,0.1442695816294432,
hard_case_score,False,selected_subset,10,92,825,0.8996728462377317,0.9713577469482981,0.9212121212121213,0.8888888888888888,0.9238845144356955,0.07611548556430446,0.1111111111111111,0.0,0.07878787878787878,0.05472629926451118,0.10572504188242461,
hard_case_score,False,selected_subset,15,138,779,0.8495092693565977,0.9896383866481224,0.9550706033376123,0.9166666666666666,0.9582753824756607,0.04172461752433936,0.08333333333333333,0.0,0.044929396662387676,0.029001899862133897,0.06353784460095876,
hard_case_score,False,selected_subset,20,184,733,0.7993456924754635,0.9965446296687065,0.9768076398362893,0.9464285714285714,0.9793205317577548,0.0206794682422452,0.05357142857142857,0.0,0.023192360163710776,0.011825769018140236,0.036390386343216535,
hard_case_score,False,selected_subset,30,276,641,0.6990185387131952,1.0,1.0,1.0,1.0,0.0,0.0,0.0,0.0,0.0,0.0,
hard_case_score,False,selected_subset,40,367,550,0.5997818974918212,1.0,1.0,1.0,1.0,0.0,0.0,0.0,0.0,0.0,0.0,
random_simulated,True,selected_subset,0,0,917,1.0,0.8876336464055762,0.8505997818974919,0.7160493827160493,0.8636363636363636,0.13636363636363635,0.2839506172839506,0.0,0.14940021810250817,0.11568170478096906,0.19138890684943316,
random_simulated,True,selected_subset,5,46,871,0.9498364231188658,0.8896271866007048,0.8541905855338691,0.7307692307692307,0.8663303909205549,0.13366960907944514,0.2692307692307692,0.0,0.14580941446613088,0.11313413924388292,0.18368414311331227,
random_simulated,True,selected_subset,10,92,825,0.8996728462377317,0.8911001547486235,0.8569696969696969,0.7432432432432432,0.8681757656458056,0.1318242343541944,0.25675675675675674,0.0,0.14303030303030304,0.10942866951173766,0.1830378787878788,
random_simulated,True,selected_subset,15,138,779,0.8495092693565977,0.8931910316869365,0.8600770218228498,0.75,0.870604781997187,0.12939521800281295,0.25,0.0,0.1399229781771502,0.10754834379508346,0.1758169112006137,
random_simulated,True,selected_subset,20,184,733,0.7993456924754635,0.8992075284794453,0.8663028649386084,0.7833333333333333,0.8736998514115899,0.1263001485884101,0.21666666666666667,0.0,0.13369713506139155,0.10239573562796515,0.16813200494396044,
random_simulated,True,selected_subset,30,276,641,0.6990185387131952,0.9058641017685385,0.8689547581903276,0.8,0.8754266211604096,0.12457337883959044,0.2,0.0,0.1310452418096724,0.09889722346618898,0.16843349928876244,
random_simulated,True,selected_subset,40,367,550,0.5997818974918212,0.9165342783820115,0.8727272727272727,0.8163265306122449,0.8782435129740519,0.1217564870259481,0.1836734693877551,0.0,0.12727272727272726,0.09593559781751664,0.16388170236450966,
random_expected,True,analytical_expectation,0,0,917,1.0,,,,,,,,0.14940021810250817,,,137.0
random_expected,True,analytical_expectation,5,46,871,0.9498364231188658,,,,,,,,0.14940021810250817,,,130.12758996728462
random_expected,True,analytical_expectation,10,92,825,0.8996728462377317,,,,,,,,0.14940021810250817,,,123.25517993456924
random_expected,True,analytical_expectation,15,138,779,0.8495092693565977,,,,,,,,0.14940021810250817,,,116.38276990185388
random_expected,True,analytical_expectation,20,184,733,0.7993456924754635,,,,,,,,0.14940021810250817,,,109.5103598691385
random_expected,True,analytical_expectation,30,276,641,0.6990185387131952,,,,,,,,0.14940021810250817,,,95.76553980370774
random_expected,True,analytical_expectation,40,367,550,0.5997818974918212,,,,,,,,0.14940021810250817,,,82.1701199563795
