model,architecture_group,subgroup_family,subgroup,n,positive_label_n,prevalence,roc_auc,accuracy,sensitivity,specificity,balanced_accuracy
DenseNet-121,CNN,age_group,60-64,279,20,0.07168458781362007,0.8135135135135136,0.7455197132616488,0.65,0.752895752895753,0.7014478764478764
DenseNet-121,CNN,age_group,65-69,219,20,0.091324200913242,0.8010050251256282,0.776255707762557,0.55,0.7989949748743719,0.674497487437186
DenseNet-121,CNN,age_group,<60,281,27,0.09608540925266904,0.852289297171187,0.8042704626334519,0.7407407407407407,0.8110236220472441,0.7758821813939925
DenseNet-121,CNN,age_group,>=70,138,14,0.10144927536231885,0.8790322580645162,0.6956521739130435,1.0,0.6612903225806451,0.8306451612903225
EfficientNet-B0,CNN,age_group,60-64,279,20,0.07168458781362007,0.819111969111969,0.7598566308243727,0.7,0.7644787644787645,0.7322393822393822
EfficientNet-B0,CNN,age_group,65-69,219,20,0.091324200913242,0.8678391959798996,0.821917808219178,0.6,0.8442211055276382,0.7221105527638191
EfficientNet-B0,CNN,age_group,<60,281,27,0.09608540925266904,0.889763779527559,0.8256227758007118,0.7407407407407407,0.8346456692913385,0.7876932050160397
EfficientNet-B0,CNN,age_group,>=70,138,14,0.10144927536231885,0.9061059907834101,0.7246376811594203,1.0,0.6935483870967742,0.8467741935483871
Ensemble mean,ensemble,age_group,60-64,279,20,0.07168458781362007,0.8602316602316602,0.8602150537634409,0.6,0.8803088803088803,0.7401544401544402
Ensemble mean,ensemble,age_group,65-69,219,20,0.091324200913242,0.8942211055276382,0.8584474885844748,0.7,0.8743718592964824,0.7871859296482412
Ensemble mean,ensemble,age_group,<60,281,27,0.09608540925266904,0.8969087197433654,0.8790035587188612,0.7037037037037037,0.8976377952755905,0.8006707494896471
Ensemble mean,ensemble,age_group,>=70,138,14,0.10144927536231885,0.9199308755760369,0.7608695652173914,0.9285714285714286,0.7419354838709677,0.8352534562211982
ResNet-18,CNN,age_group,60-64,279,20,0.07168458781362007,0.8735521235521235,0.8387096774193549,0.75,0.8455598455598455,0.7977799227799227
ResNet-18,CNN,age_group,65-69,219,20,0.091324200913242,0.8316582914572865,0.8356164383561644,0.65,0.8542713567839196,0.7521356783919598
ResNet-18,CNN,age_group,<60,281,27,0.09608540925266904,0.8826188393117528,0.8683274021352313,0.7037037037037037,0.8858267716535433,0.7947652376786235
ResNet-18,CNN,age_group,>=70,138,14,0.10144927536231885,0.8231566820276497,0.7246376811594203,0.6428571428571429,0.7338709677419355,0.6883640552995391
ResNet-50,CNN,age_group,60-64,279,20,0.07168458781362007,0.7598455598455598,0.6702508960573477,0.7,0.667953667953668,0.683976833976834
ResNet-50,CNN,age_group,65-69,219,20,0.091324200913242,0.8615577889447236,0.7899543378995434,0.85,0.7839195979899497,0.8169597989949748
ResNet-50,CNN,age_group,<60,281,27,0.09608540925266904,0.81612715077282,0.7544483985765125,0.7777777777777778,0.7519685039370079,0.7648731408573928
ResNet-50,CNN,age_group,>=70,138,14,0.10144927536231885,0.8415898617511521,0.6376811594202898,0.8571428571428571,0.6129032258064516,0.7350230414746544
STU-Net,medical_pretrained,age_group,60-64,279,20,0.07168458781362007,0.8467181467181467,0.8817204301075269,0.55,0.9073359073359073,0.7286679536679537
STU-Net,medical_pretrained,age_group,65-69,219,20,0.091324200913242,0.8741206030150753,0.867579908675799,0.6,0.8944723618090452,0.7472361809045226
STU-Net,medical_pretrained,age_group,<60,281,27,0.09608540925266904,0.8772236803732867,0.8825622775800712,0.5555555555555556,0.9173228346456693,0.7364391951006124
STU-Net,medical_pretrained,age_group,>=70,138,14,0.10144927536231885,0.9147465437788019,0.8043478260869565,0.8571428571428571,0.7983870967741935,0.8277649769585254
Swin-UNETR,transformer,age_group,60-64,279,20,0.07168458781362007,0.7243243243243244,0.8351254480286738,0.35,0.8725868725868726,0.6112934362934364
Swin-UNETR,transformer,age_group,65-69,219,20,0.091324200913242,0.8266331658291457,0.821917808219178,0.75,0.8291457286432161,0.789572864321608
Swin-UNETR,transformer,age_group,<60,281,27,0.09608540925266904,0.8270632837561971,0.8398576512455516,0.5185185185185185,0.8740157480314961,0.6962671332750072
Swin-UNETR,transformer,age_group,>=70,138,14,0.10144927536231885,0.8254608294930875,0.7536231884057971,0.7857142857142857,0.75,0.7678571428571428
ViT-Base,transformer,age_group,60-64,279,20,0.07168458781362007,0.6878378378378378,0.8243727598566308,0.35,0.861003861003861,0.6055019305019305
ViT-Base,transformer,age_group,65-69,219,20,0.091324200913242,0.7658291457286432,0.8356164383561644,0.55,0.864321608040201,0.7071608040201005
ViT-Base,transformer,age_group,<60,281,27,0.09608540925266904,0.7356372120151647,0.7580071174377224,0.3333333333333333,0.8031496062992126,0.568241469816273
ViT-Base,transformer,age_group,>=70,138,14,0.10144927536231885,0.47177419354838707,0.7391304347826086,0.14285714285714285,0.8064516129032258,0.4746543778801843
DenseNet-121,CNN,density,Ground-glass,57,6,0.10526315789473684,0.9248366013071895,0.7894736842105263,1.0,0.7647058823529411,0.8823529411764706
DenseNet-121,CNN,density,Missing,211,25,0.11848341232227488,0.7886021505376344,0.7061611374407583,0.68,0.7096774193548387,0.6948387096774193
DenseNet-121,CNN,density,Not determined,18,2,0.1111111111111111,0.75,0.7777777777777778,0.5,0.8125,0.65625
DenseNet-121,CNN,density,Part-solid,60,3,0.05,0.7602339181286549,0.7,0.6666666666666666,0.7017543859649122,0.6842105263157894
DenseNet-121,CNN,density,Solid,560,45,0.08035714285714286,0.8522114347357066,0.7928571428571428,0.7111111111111111,0.8,0.7555555555555555
EfficientNet-B0,CNN,density,Ground-glass,57,6,0.10526315789473684,0.9607843137254902,0.7894736842105263,1.0,0.7647058823529411,0.8823529411764706
EfficientNet-B0,CNN,density,Missing,211,25,0.11848341232227488,0.8118279569892473,0.7345971563981043,0.72,0.7365591397849462,0.7282795698924731
EfficientNet-B0,CNN,density,Not determined,18,2,0.1111111111111111,0.9375,0.8888888888888888,1.0,0.875,0.9375
EfficientNet-B0,CNN,density,Part-solid,60,3,0.05,0.8830409356725146,0.75,0.6666666666666666,0.7543859649122807,0.7105263157894737
EfficientNet-B0,CNN,density,Solid,560,45,0.08035714285714286,0.8720604099244876,0.8178571428571428,0.7111111111111111,0.8271844660194175,0.7691477885652643
Ensemble mean,ensemble,density,Ground-glass,57,6,0.10526315789473684,0.934640522875817,0.8421052631578947,1.0,0.8235294117647058,0.9117647058823529
Ensemble mean,ensemble,density,Missing,211,25,0.11848341232227488,0.8531182795698925,0.7962085308056872,0.72,0.8064516129032258,0.7632258064516129
Ensemble mean,ensemble,density,Not determined,18,2,0.1111111111111111,0.9375,0.9444444444444444,0.5,1.0,0.75
Ensemble mean,ensemble,density,Part-solid,60,3,0.05,0.7602339181286549,0.7666666666666667,0.6666666666666666,0.7719298245614035,0.7192982456140351
Ensemble mean,ensemble,density,Solid,560,45,0.08035714285714286,0.9062783171521035,0.8821428571428571,0.6888888888888889,0.8990291262135922,0.7939590075512406
ResNet-18,CNN,density,Ground-glass,57,6,0.10526315789473684,0.8431372549019608,0.7719298245614035,0.6666666666666666,0.7843137254901961,0.7254901960784313
ResNet-18,CNN,density,Missing,211,25,0.11848341232227488,0.8268817204301074,0.7582938388625592,0.76,0.7580645161290323,0.7590322580645161
ResNet-18,CNN,density,Not determined,18,2,0.1111111111111111,0.9375,0.8333333333333334,0.5,0.875,0.6875
ResNet-18,CNN,density,Part-solid,60,3,0.05,0.7251461988304093,0.7833333333333333,0.3333333333333333,0.8070175438596491,0.5701754385964912
ResNet-18,CNN,density,Solid,560,45,0.08035714285714286,0.8735706580366774,0.8714285714285714,0.6888888888888889,0.887378640776699,0.788133764832794
ResNet-50,CNN,density,Ground-glass,57,6,0.10526315789473684,0.892156862745098,0.7368421052631579,1.0,0.7058823529411765,0.8529411764705883
ResNet-50,CNN,density,Missing,211,25,0.11848341232227488,0.8156989247311828,0.6919431279620853,0.88,0.6666666666666666,0.7733333333333333
ResNet-50,CNN,density,Not determined,18,2,0.1111111111111111,0.90625,0.7777777777777778,0.5,0.8125,0.65625
ResNet-50,CNN,density,Part-solid,60,3,0.05,0.6608187134502923,0.65,0.3333333333333333,0.6666666666666666,0.5
ResNet-50,CNN,density,Solid,560,45,0.08035714285714286,0.8098381877022653,0.7339285714285714,0.7555555555555555,0.7320388349514563,0.7437971952535058
STU-Net,medical_pretrained,density,Ground-glass,57,6,0.10526315789473684,0.9901960784313725,0.8596491228070176,1.0,0.8431372549019608,0.9215686274509804
STU-Net,medical_pretrained,density,Missing,211,25,0.11848341232227488,0.8391397849462365,0.8151658767772512,0.64,0.8387096774193549,0.7393548387096774
STU-Net,medical_pretrained,density,Not determined,18,2,0.1111111111111111,0.96875,0.8888888888888888,0.5,0.9375,0.71875
STU-Net,medical_pretrained,density,Part-solid,60,3,0.05,0.7309941520467836,0.75,0.3333333333333333,0.7719298245614035,0.5526315789473684
STU-Net,medical_pretrained,density,Solid,560,45,0.08035714285714286,0.8798274002157497,0.9,0.5777777777777777,0.9281553398058252,0.7529665587918015
Swin-UNETR,transformer,density,Ground-glass,57,6,0.10526315789473684,0.741830065359477,0.7192982456140351,0.5,0.7450980392156863,0.6225490196078431
Swin-UNETR,transformer,density,Missing,211,25,0.11848341232227488,0.7735483870967742,0.7772511848341233,0.6,0.8010752688172043,0.7005376344086021
Swin-UNETR,transformer,density,Not determined,18,2,0.1111111111111111,0.8125,0.8333333333333334,0.5,0.875,0.6875
Swin-UNETR,transformer,density,Part-solid,60,3,0.05,0.7017543859649124,0.8166666666666667,0.6666666666666666,0.8245614035087719,0.7456140350877193
Swin-UNETR,transformer,density,Solid,560,45,0.08035714285714286,0.8318878101402374,0.8517857142857143,0.5777777777777777,0.8757281553398059,0.7267529665587917
ViT-Base,transformer,density,Ground-glass,57,6,0.10526315789473684,0.6568627450980392,0.7719298245614035,0.16666666666666666,0.8431372549019608,0.5049019607843137
ViT-Base,transformer,density,Missing,211,25,0.11848341232227488,0.726021505376344,0.7867298578199052,0.44,0.8333333333333334,0.6366666666666667
ViT-Base,transformer,density,Not determined,18,2,0.1111111111111111,0.65625,0.8333333333333334,0.0,0.9375,0.46875
ViT-Base,transformer,density,Part-solid,60,3,0.05,0.6900584795321637,0.8,0.3333333333333333,0.8245614035087719,0.5789473684210527
ViT-Base,transformer,density,Solid,560,45,0.08035714285714286,0.6827615965480044,0.7946428571428571,0.35555555555555557,0.8330097087378641,0.5942826321467098
DenseNet-121,CNN,lobe_or_location,Left lower lobe,158,13,0.08227848101265822,0.8541114058355437,0.7848101265822784,0.6923076923076923,0.7931034482758621,0.7427055702917772
DenseNet-121,CNN,lobe_or_location,Left upper lobe,89,5,0.056179775280898875,0.9166666666666666,0.6966292134831461,1.0,0.6785714285714286,0.8392857142857143
DenseNet-121,CNN,lobe_or_location,Lingula,30,3,0.1,0.9629629629629629,0.8666666666666667,0.6666666666666666,0.8888888888888888,0.7777777777777777
DenseNet-121,CNN,lobe_or_location,Missing,211,25,0.11848341232227488,0.7886021505376344,0.7061611374407583,0.68,0.7096774193548387,0.6948387096774193
DenseNet-121,CNN,lobe_or_location,Right lower lobe,156,9,0.057692307692307696,0.8972033257747545,0.8076923076923077,0.8888888888888888,0.8027210884353742,0.8458049886621315
DenseNet-121,CNN,lobe_or_location,Right middle lobe,79,6,0.0759493670886076,0.9337899543378995,0.8860759493670886,0.6666666666666666,0.9041095890410958,0.7853881278538812
DenseNet-121,CNN,lobe_or_location,Right upper lobe,187,20,0.10695187165775401,0.7607784431137724,0.7272727272727273,0.65,0.7365269461077845,0.6932634730538922
EfficientNet-B0,CNN,lobe_or_location,Left lower lobe,158,13,0.08227848101265822,0.8838196286472149,0.8037974683544303,0.7692307692307693,0.8068965517241379,0.7880636604774536
EfficientNet-B0,CNN,lobe_or_location,Left upper lobe,89,5,0.056179775280898875,0.9571428571428571,0.8202247191011236,1.0,0.8095238095238095,0.9047619047619048
EfficientNet-B0,CNN,lobe_or_location,Lingula,30,3,0.1,1.0,0.8,1.0,0.7777777777777778,0.8888888888888888
EfficientNet-B0,CNN,lobe_or_location,Missing,211,25,0.11848341232227488,0.8118279569892473,0.7345971563981043,0.72,0.7365591397849462,0.7282795698924731
EfficientNet-B0,CNN,lobe_or_location,Right lower lobe,156,9,0.057692307692307696,0.9425547996976569,0.8782051282051282,0.6666666666666666,0.891156462585034,0.7789115646258503
EfficientNet-B0,CNN,lobe_or_location,Right middle lobe,79,6,0.0759493670886076,0.9429223744292238,0.8607594936708861,0.8333333333333334,0.863013698630137,0.8481735159817352
EfficientNet-B0,CNN,lobe_or_location,Right upper lobe,187,20,0.10695187165775401,0.76437125748503,0.7165775401069518,0.65,0.7245508982035929,0.6872754491017965
Ensemble mean,ensemble,lobe_or_location,Left lower lobe,158,13,0.08227848101265822,0.8790450928381963,0.8734177215189873,0.5384615384615384,0.903448275862069,0.7209549071618038
Ensemble mean,ensemble,lobe_or_location,Left upper lobe,89,5,0.056179775280898875,0.9190476190476191,0.8314606741573034,1.0,0.8214285714285714,0.9107142857142857
Ensemble mean,ensemble,lobe_or_location,Lingula,30,3,0.1,1.0,0.9333333333333333,1.0,0.9259259259259259,0.962962962962963
Ensemble mean,ensemble,lobe_or_location,Missing,211,25,0.11848341232227488,0.8531182795698925,0.7962085308056872,0.72,0.8064516129032258,0.7632258064516129
Ensemble mean,ensemble,lobe_or_location,Right lower lobe,156,9,0.057692307692307696,0.9712773998488284,0.9423076923076923,0.8888888888888888,0.9455782312925171,0.9172335600907029
Ensemble mean,ensemble,lobe_or_location,Right middle lobe,79,6,0.0759493670886076,0.9748858447488585,0.9493670886075949,0.8333333333333334,0.958904109589041,0.8961187214611872
Ensemble mean,ensemble,lobe_or_location,Right upper lobe,187,20,0.10695187165775401,0.8029940119760479,0.7700534759358288,0.6,0.7904191616766467,0.6952095808383234
ResNet-18,CNN,lobe_or_location,Left lower lobe,158,13,0.08227848101265822,0.8355437665782494,0.8544303797468354,0.46153846153846156,0.8896551724137931,0.6755968169761273
ResNet-18,CNN,lobe_or_location,Left upper lobe,89,5,0.056179775280898875,0.8452380952380952,0.7640449438202247,0.8,0.7619047619047619,0.780952380952381
ResNet-18,CNN,lobe_or_location,Lingula,30,3,0.1,0.8641975308641976,0.7666666666666667,0.3333333333333333,0.8148148148148148,0.5740740740740741
ResNet-18,CNN,lobe_or_location,Missing,211,25,0.11848341232227488,0.8268817204301074,0.7582938388625592,0.76,0.7580645161290323,0.7590322580645161
ResNet-18,CNN,lobe_or_location,Right lower lobe,156,9,0.057692307692307696,0.9160997732426304,0.9294871794871795,0.7777777777777778,0.9387755102040817,0.8582766439909297
ResNet-18,CNN,lobe_or_location,Right middle lobe,79,6,0.0759493670886076,0.9634703196347032,0.9240506329113924,0.8333333333333334,0.9315068493150684,0.8824200913242009
ResNet-18,CNN,lobe_or_location,Right upper lobe,187,20,0.10695187165775401,0.8125748502994012,0.8021390374331551,0.7,0.8143712574850299,0.7571856287425149
ResNet-50,CNN,lobe_or_location,Left lower lobe,158,13,0.08227848101265822,0.726790450928382,0.6455696202531646,0.46153846153846156,0.6620689655172414,0.5618037135278515
ResNet-50,CNN,lobe_or_location,Left upper lobe,89,5,0.056179775280898875,0.8595238095238096,0.7752808988764045,1.0,0.7619047619047619,0.8809523809523809
ResNet-50,CNN,lobe_or_location,Lingula,30,3,0.1,0.9629629629629629,0.8666666666666667,1.0,0.8518518518518519,0.9259259259259259
ResNet-50,CNN,lobe_or_location,Missing,211,25,0.11848341232227488,0.8156989247311828,0.6919431279620853,0.88,0.6666666666666666,0.7733333333333333
ResNet-50,CNN,lobe_or_location,Right lower lobe,156,9,0.057692307692307696,0.8458049886621315,0.7756410256410257,0.8888888888888888,0.7687074829931972,0.828798185941043
ResNet-50,CNN,lobe_or_location,Right middle lobe,79,6,0.0759493670886076,0.9360730593607307,0.8734177215189873,0.8333333333333334,0.8767123287671232,0.8550228310502284
ResNet-50,CNN,lobe_or_location,Right upper lobe,187,20,0.10695187165775401,0.7661676646706587,0.6524064171122995,0.75,0.6407185628742516,0.6953592814371258
STU-Net,medical_pretrained,lobe_or_location,Left lower lobe,158,13,0.08227848101265822,0.8620689655172413,0.8734177215189873,0.38461538461538464,0.9172413793103448,0.6509283819628647
STU-Net,medical_pretrained,lobe_or_location,Left upper lobe,89,5,0.056179775280898875,0.9452380952380952,0.8426966292134831,1.0,0.8333333333333334,0.9166666666666667
STU-Net,medical_pretrained,lobe_or_location,Lingula,30,3,0.1,1.0,1.0,1.0,1.0,1.0
STU-Net,medical_pretrained,lobe_or_location,Missing,211,25,0.11848341232227488,0.8391397849462365,0.8151658767772512,0.64,0.8387096774193549,0.7393548387096774
STU-Net,medical_pretrained,lobe_or_location,Right lower lobe,156,9,0.057692307692307696,0.9735449735449735,0.9358974358974359,0.7777777777777778,0.9455782312925171,0.8616780045351474
STU-Net,medical_pretrained,lobe_or_location,Right middle lobe,79,6,0.0759493670886076,0.9360730593607306,0.9240506329113924,0.5,0.958904109589041,0.7294520547945205
STU-Net,medical_pretrained,lobe_or_location,Right upper lobe,187,20,0.10695187165775401,0.7853293413173652,0.8235294117647058,0.55,0.8562874251497006,0.7031437125748503
Swin-UNETR,transformer,lobe_or_location,Left lower lobe,158,13,0.08227848101265822,0.8848806366047746,0.8544303797468354,0.6923076923076923,0.8689655172413793,0.7806366047745358
Swin-UNETR,transformer,lobe_or_location,Left upper lobe,89,5,0.056179775280898875,0.7142857142857142,0.6966292134831461,0.8,0.6904761904761905,0.7452380952380953
Swin-UNETR,transformer,lobe_or_location,Lingula,30,3,0.1,0.9382716049382716,0.9333333333333333,0.6666666666666666,0.9629629629629629,0.8148148148148148
Swin-UNETR,transformer,lobe_or_location,Missing,211,25,0.11848341232227488,0.7735483870967742,0.7772511848341233,0.6,0.8010752688172043,0.7005376344086021
Swin-UNETR,transformer,lobe_or_location,Right lower lobe,156,9,0.057692307692307696,0.8790627362055933,0.9294871794871795,0.5555555555555556,0.9523809523809523,0.753968253968254
Swin-UNETR,transformer,lobe_or_location,Right middle lobe,79,6,0.0759493670886076,0.9611872146118721,0.9240506329113924,0.6666666666666666,0.9452054794520548,0.8059360730593608
Swin-UNETR,transformer,lobe_or_location,Right upper lobe,187,20,0.10695187165775401,0.6491017964071857,0.7486631016042781,0.4,0.7904191616766467,0.5952095808383233
ViT-Base,transformer,lobe_or_location,Left lower lobe,158,13,0.08227848101265822,0.7039787798408488,0.7974683544303798,0.23076923076923078,0.8482758620689655,0.5395225464190981
ViT-Base,transformer,lobe_or_location,Left upper lobe,89,5,0.056179775280898875,0.3380952380952381,0.7191011235955056,0.0,0.7619047619047619,0.38095238095238093
ViT-Base,transformer,lobe_or_location,Lingula,30,3,0.1,0.8271604938271605,0.8333333333333334,0.3333333333333333,0.8888888888888888,0.611111111111111
ViT-Base,transformer,lobe_or_location,Missing,211,25,0.11848341232227488,0.726021505376344,0.7867298578199052,0.44,0.8333333333333334,0.6366666666666667
ViT-Base,transformer,lobe_or_location,Right lower lobe,156,9,0.057692307692307696,0.7059712773998488,0.8076923076923077,0.2222222222222222,0.8435374149659864,0.5328798185941044
ViT-Base,transformer,lobe_or_location,Right middle lobe,79,6,0.0759493670886076,0.8150684931506849,0.8607594936708861,0.6666666666666666,0.8767123287671232,0.7716894977168949
ViT-Base,transformer,lobe_or_location,Right upper lobe,187,20,0.10695187165775401,0.6532934131736527,0.8021390374331551,0.4,0.8502994011976048,0.6251497005988025
DenseNet-121,CNN,margin,Lobulated,415,19,0.04578313253012048,0.8745348219032429,0.8289156626506025,0.7368421052631579,0.8333333333333334,0.7850877192982456
DenseNet-121,CNN,margin,Missing,211,25,0.11848341232227488,0.7886021505376344,0.7061611374407583,0.68,0.7096774193548387,0.6948387096774193
DenseNet-121,CNN,margin,Not determined,25,4,0.16,0.9404761904761905,0.8,1.0,0.7619047619047619,0.8809523809523809
DenseNet-121,CNN,margin,Smooth,100,19,0.19,0.7621832358674464,0.65,0.6842105263157895,0.6419753086419753,0.6630929174788824
DenseNet-121,CNN,margin,Spiculated/irregular,166,14,0.08433734939759036,0.7890037593984962,0.7349397590361446,0.7142857142857143,0.7368421052631579,0.7255639097744361
EfficientNet-B0,CNN,margin,Lobulated,415,19,0.04578313253012048,0.8619085592769803,0.8481927710843373,0.6842105263157895,0.8560606060606061,0.7701355661881978
EfficientNet-B0,CNN,margin,Missing,211,25,0.11848341232227488,0.8118279569892473,0.7345971563981043,0.72,0.7365591397849462,0.7282795698924731
EfficientNet-B0,CNN,margin,Not determined,25,4,0.16,0.9523809523809523,0.8,1.0,0.7619047619047619,0.8809523809523809
EfficientNet-B0,CNN,margin,Smooth,100,19,0.19,0.8011695906432749,0.67,0.7368421052631579,0.654320987654321,0.6955815464587394
EfficientNet-B0,CNN,margin,Spiculated/irregular,166,14,0.08433734939759036,0.8862781954887218,0.7831325301204819,0.7857142857142857,0.7828947368421053,0.7843045112781954
Ensemble mean,ensemble,margin,Lobulated,415,19,0.04578313253012048,0.9274322169059012,0.9132530120481928,0.6842105263157895,0.9242424242424242,0.8042264752791068
Ensemble mean,ensemble,margin,Missing,211,25,0.11848341232227488,0.8531182795698925,0.7962085308056872,0.72,0.8064516129032258,0.7632258064516129
Ensemble mean,ensemble,margin,Not determined,25,4,0.16,0.9285714285714286,0.84,1.0,0.8095238095238095,0.9047619047619048
Ensemble mean,ensemble,margin,Smooth,100,19,0.19,0.8297595841455491,0.74,0.6842105263157895,0.7530864197530864,0.718648473034438
Ensemble mean,ensemble,margin,Spiculated/irregular,166,14,0.08433734939759036,0.8491541353383459,0.8313253012048193,0.7142857142857143,0.8421052631578947,0.7781954887218046
ResNet-18,CNN,margin,Lobulated,415,19,0.04578313253012048,0.8987240829346093,0.9108433734939759,0.7368421052631579,0.9191919191919192,0.8280170122275385
ResNet-18,CNN,margin,Missing,211,25,0.11848341232227488,0.8268817204301074,0.7582938388625592,0.76,0.7580645161290323,0.7590322580645161
ResNet-18,CNN,margin,Not determined,25,4,0.16,0.8690476190476191,0.72,0.75,0.7142857142857143,0.7321428571428572
ResNet-18,CNN,margin,Smooth,100,19,0.19,0.8375568551007148,0.76,0.7894736842105263,0.7530864197530864,0.7712800519818064
ResNet-18,CNN,margin,Spiculated/irregular,166,14,0.08433734939759036,0.7579887218045113,0.7771084337349398,0.35714285714285715,0.8157894736842105,0.5864661654135338
ResNet-50,CNN,margin,Lobulated,415,19,0.04578313253012048,0.8600478468899522,0.7686746987951807,0.8947368421052632,0.7626262626262627,0.8286815523657629
ResNet-50,CNN,margin,Missing,211,25,0.11848341232227488,0.8156989247311828,0.6919431279620853,0.88,0.6666666666666666,0.7733333333333333
ResNet-50,CNN,margin,Not determined,25,4,0.16,0.7857142857142857,0.68,1.0,0.6190476190476191,0.8095238095238095
ResNet-50,CNN,margin,Smooth,100,19,0.19,0.7128005198180637,0.57,0.7368421052631579,0.5308641975308642,0.633853151397011
ResNet-50,CNN,margin,Spiculated/irregular,166,14,0.08433734939759036,0.7819548872180451,0.7289156626506024,0.5,0.75,0.625
STU-Net,medical_pretrained,margin,Lobulated,415,19,0.04578313253012048,0.8498139287612971,0.9228915662650602,0.47368421052631576,0.9444444444444444,0.7090643274853801
STU-Net,medical_pretrained,margin,Missing,211,25,0.11848341232227488,0.8391397849462365,0.8151658767772512,0.64,0.8387096774193549,0.7393548387096774
STU-Net,medical_pretrained,margin,Not determined,25,4,0.16,0.8928571428571428,0.76,0.75,0.7619047619047619,0.7559523809523809
STU-Net,medical_pretrained,margin,Smooth,100,19,0.19,0.8167641325536062,0.79,0.6842105263157895,0.8148148148148148,0.7495126705653021
STU-Net,medical_pretrained,margin,Spiculated/irregular,166,14,0.08433734939759036,0.8905075187969925,0.8554216867469879,0.6428571428571429,0.875,0.7589285714285714
Swin-UNETR,transformer,margin,Lobulated,415,19,0.04578313253012048,0.837719298245614,0.8602409638554217,0.3684210526315789,0.8838383838383839,0.6261297182349814
Swin-UNETR,transformer,margin,Missing,211,25,0.11848341232227488,0.7735483870967742,0.7772511848341233,0.6,0.8010752688172043,0.7005376344086021
Swin-UNETR,transformer,margin,Not determined,25,4,0.16,0.8333333333333333,0.76,0.75,0.7619047619047619,0.7559523809523809
Swin-UNETR,transformer,margin,Smooth,100,19,0.19,0.7868745938921378,0.78,0.7368421052631579,0.7901234567901234,0.7634827810266407
Swin-UNETR,transformer,margin,Spiculated/irregular,166,14,0.08433734939759036,0.7551691729323308,0.8132530120481928,0.5714285714285714,0.8355263157894737,0.7034774436090225
ViT-Base,transformer,margin,Lobulated,415,19,0.04578313253012048,0.7676767676767677,0.8072289156626506,0.5263157894736842,0.8207070707070707,0.6735114300903775
ViT-Base,transformer,margin,Missing,211,25,0.11848341232227488,0.726021505376344,0.7867298578199052,0.44,0.8333333333333334,0.6366666666666667
ViT-Base,transformer,margin,Not determined,25,4,0.16,0.5119047619047619,0.6,0.0,0.7142857142857143,0.35714285714285715
ViT-Base,transformer,margin,Smooth,100,19,0.19,0.6933073424301495,0.72,0.3157894736842105,0.8148148148148148,0.5653021442495126
ViT-Base,transformer,margin,Spiculated/irregular,166,14,0.08433734939759036,0.5507518796992481,0.8433734939759037,0.14285714285714285,0.9078947368421053,0.525375939849624
DenseNet-121,CNN,sex,Female,355,46,0.1295774647887324,0.8372027578443789,0.7492957746478873,0.782608695652174,0.7443365695792881,0.7634726326157311
DenseNet-121,CNN,sex,Male,562,35,0.06227758007117438,0.8143670371374356,0.7722419928825622,0.6285714285714286,0.7817836812144212,0.7051775548929249
EfficientNet-B0,CNN,sex,Female,355,46,0.1295774647887324,0.8749120585338399,0.7718309859154929,0.8695652173913043,0.7572815533980582,0.8134233853946813
EfficientNet-B0,CNN,sex,Male,562,35,0.06227758007117438,0.8269991867714828,0.800711743772242,0.5714285714285714,0.8159392789373814,0.6936839251829764
Ensemble mean,ensemble,sex,Female,355,46,0.1295774647887324,0.8830026734205711,0.828169014084507,0.782608695652174,0.8349514563106796,0.8087800759814268
Ensemble mean,ensemble,sex,Male,562,35,0.06227758007117438,0.8731905665492004,0.8647686832740213,0.6285714285714286,0.8804554079696395,0.754513418270534
ResNet-18,CNN,sex,Female,355,46,0.1295774647887324,0.8588715351062333,0.8084507042253521,0.717391304347826,0.8220064724919094,0.7696988884198677
ResNet-18,CNN,sex,Male,562,35,0.06227758007117438,0.8396313364055299,0.8434163701067615,0.6571428571428571,0.855787476280835,0.756465166711846
ResNet-50,CNN,sex,Female,355,46,0.1295774647887324,0.8066694807935837,0.7154929577464789,0.782608695652174,0.7055016181229773,0.7440551568875756
ResNet-50,CNN,sex,Male,562,35,0.06227758007117438,0.8271076172404446,0.7224199288256228,0.8,0.7172675521821632,0.7586337760910816
STU-Net,medical_pretrained,sex,Female,355,46,0.1295774647887324,0.8766708878570423,0.819718309859155,0.6956521739130435,0.8381877022653722,0.7669199380892078
STU-Net,medical_pretrained,sex,Male,562,35,0.06227758007117438,0.8476551911087015,0.896797153024911,0.5142857142857142,0.9222011385199241,0.7182434264028192
Swin-UNETR,transformer,sex,Female,355,46,0.1295774647887324,0.7831715210355986,0.7915492957746478,0.5434782608695652,0.8284789644012945,0.6859786126354299
Swin-UNETR,transformer,sex,Male,562,35,0.06227758007117438,0.8139875304960694,0.8398576512455516,0.6285714285714286,0.8538899430740038,0.7412306858227162
ViT-Base,transformer,sex,Female,355,46,0.1295774647887324,0.6311383143379766,0.752112676056338,0.2608695652173913,0.8252427184466019,0.5430561418319966
ViT-Base,transformer,sex,Male,562,35,0.06227758007117438,0.7597180807806995,0.8202846975088968,0.4857142857142857,0.8425047438330171,0.6641095147736514
DenseNet-121,CNN,size_bin,<=6 mm,366,10,0.0273224043715847,0.9061797752808989,0.855191256830601,0.8,0.8567415730337079,0.8283707865168539
DenseNet-121,CNN,size_bin,>15 mm,49,16,0.32653061224489793,0.7746212121212122,0.5918367346938775,0.9375,0.42424242424242425,0.6808712121212122
DenseNet-121,CNN,size_bin,>6-8 mm,130,3,0.023076923076923078,0.8136482939632546,0.8,0.3333333333333333,0.8110236220472441,0.5721784776902887
DenseNet-121,CNN,size_bin,>8-15 mm,156,26,0.16666666666666666,0.7168639053254439,0.6602564102564102,0.6153846153846154,0.6692307692307692,0.6423076923076922
DenseNet-121,CNN,size_bin,Missing,216,26,0.12037037037037036,0.7821862348178138,0.6990740740740741,0.6923076923076923,0.7,0.6961538461538461
EfficientNet-B0,CNN,size_bin,<=6 mm,366,10,0.0273224043715847,0.9626404494382023,0.8961748633879781,0.9,0.8960674157303371,0.8980337078651686
EfficientNet-B0,CNN,size_bin,>15 mm,49,16,0.32653061224489793,0.7670454545454546,0.5714285714285714,1.0,0.36363636363636365,0.6818181818181819
EfficientNet-B0,CNN,size_bin,>6-8 mm,130,3,0.023076923076923078,0.7375328083989501,0.8384615384615385,0.3333333333333333,0.8503937007874016,0.5918635170603674
EfficientNet-B0,CNN,size_bin,>8-15 mm,156,26,0.16666666666666666,0.7227810650887574,0.6538461538461539,0.5769230769230769,0.6692307692307692,0.6230769230769231
EfficientNet-B0,CNN,size_bin,Missing,216,26,0.12037037037037036,0.8107287449392713,0.7268518518518519,0.7307692307692307,0.7263157894736842,0.7285425101214575
Ensemble mean,ensemble,size_bin,<=6 mm,366,10,0.0273224043715847,0.9606741573033708,0.9562841530054644,0.9,0.9578651685393258,0.928932584269663
Ensemble mean,ensemble,size_bin,>15 mm,49,16,0.32653061224489793,0.8428030303030303,0.6530612244897959,0.9375,0.5151515151515151,0.7263257575757576
Ensemble mean,ensemble,size_bin,>6-8 mm,130,3,0.023076923076923078,0.8818897637795275,0.9,0.6666666666666666,0.905511811023622,0.7860892388451444
Ensemble mean,ensemble,size_bin,>8-15 mm,156,26,0.16666666666666666,0.7349112426035502,0.7051282051282052,0.5,0.7461538461538462,0.6230769230769231
Ensemble mean,ensemble,size_bin,Missing,216,26,0.12037037037037036,0.8495951417004048,0.7916666666666666,0.7307692307692307,0.8,0.7653846153846153
ResNet-18,CNN,size_bin,<=6 mm,366,10,0.0273224043715847,0.8814606741573033,0.9344262295081968,0.6,0.9438202247191011,0.7719101123595505
ResNet-18,CNN,size_bin,>15 mm,49,16,0.32653061224489793,0.7272727272727272,0.5714285714285714,0.75,0.48484848484848486,0.6174242424242424
ResNet-18,CNN,size_bin,>6-8 mm,130,3,0.023076923076923078,0.968503937007874,0.9230769230769231,1.0,0.9212598425196851,0.9606299212598426
ResNet-18,CNN,size_bin,>8-15 mm,156,26,0.16666666666666666,0.7088757396449704,0.6858974358974359,0.5769230769230769,0.7076923076923077,0.6423076923076922
ResNet-18,CNN,size_bin,Missing,216,26,0.12037037037037036,0.8244939271255061,0.7592592592592593,0.7692307692307693,0.7578947368421053,0.7635627530364373
ResNet-50,CNN,size_bin,<=6 mm,366,10,0.0273224043715847,0.8910112359550562,0.825136612021858,0.9,0.8230337078651685,0.8615168539325843
ResNet-50,CNN,size_bin,>15 mm,49,16,0.32653061224489793,0.7443181818181818,0.5510204081632653,0.8125,0.42424242424242425,0.6183712121212122
ResNet-50,CNN,size_bin,>6-8 mm,130,3,0.023076923076923078,0.8608923884514436,0.7307692307692307,1.0,0.7244094488188977,0.8622047244094488
ResNet-50,CNN,size_bin,>8-15 mm,156,26,0.16666666666666666,0.6550295857988165,0.5641025641025641,0.6538461538461539,0.5461538461538461,0.6
ResNet-50,CNN,size_bin,Missing,216,26,0.12037037037037036,0.808502024291498,0.6851851851851852,0.8461538461538461,0.6631578947368421,0.7546558704453441
STU-Net,medical_pretrained,size_bin,<=6 mm,366,10,0.0273224043715847,0.924438202247191,0.9508196721311475,0.7,0.9578651685393258,0.8289325842696629
STU-Net,medical_pretrained,size_bin,>15 mm,49,16,0.32653061224489793,0.8787878787878788,0.673469387755102,0.875,0.5757575757575758,0.7253787878787878
STU-Net,medical_pretrained,size_bin,>6-8 mm,130,3,0.023076923076923078,0.7165354330708661,0.9307692307692308,0.3333333333333333,0.9448818897637795,0.6391076115485564
STU-Net,medical_pretrained,size_bin,>8-15 mm,156,26,0.16666666666666666,0.7218934911242603,0.75,0.4230769230769231,0.8153846153846154,0.6192307692307693
STU-Net,medical_pretrained,size_bin,Missing,216,26,0.12037037037037036,0.8378542510121457,0.8148148148148148,0.6538461538461539,0.8368421052631579,0.7453441295546559
Swin-UNETR,transformer,size_bin,<=6 mm,366,10,0.0273224043715847,0.8882022471910112,0.8934426229508197,0.5,0.9044943820224719,0.702247191011236
Swin-UNETR,transformer,size_bin,>15 mm,49,16,0.32653061224489793,0.8276515151515151,0.6530612244897959,0.75,0.6060606060606061,0.678030303030303
Swin-UNETR,transformer,size_bin,>6-8 mm,130,3,0.023076923076923078,0.6036745406824147,0.8615384615384616,0.0,0.8818897637795275,0.4409448818897638
Swin-UNETR,transformer,size_bin,>8-15 mm,156,26,0.16666666666666666,0.6946745562130177,0.7371794871794872,0.5384615384615384,0.7769230769230769,0.6576923076923077
Swin-UNETR,transformer,size_bin,Missing,216,26,0.12037037037037036,0.7692307692307692,0.7731481481481481,0.6153846153846154,0.7947368421052632,0.7050607287449393
ViT-Base,transformer,size_bin,<=6 mm,366,10,0.0273224043715847,0.7761235955056179,0.8633879781420765,0.5,0.8735955056179775,0.6867977528089888
ViT-Base,transformer,size_bin,>15 mm,49,16,0.32653061224489793,0.6420454545454546,0.673469387755102,0.25,0.8787878787878788,0.5643939393939394
ViT-Base,transformer,size_bin,>6-8 mm,130,3,0.023076923076923078,0.8766404199475065,0.8307692307692308,1.0,0.8267716535433071,0.9133858267716535
ViT-Base,transformer,size_bin,>8-15 mm,156,26,0.16666666666666666,0.5470414201183432,0.6538461538461539,0.23076923076923078,0.7384615384615385,0.48461538461538467
ViT-Base,transformer,size_bin,Missing,216,26,0.12037037037037036,0.7008097165991903,0.7824074074074074,0.4230769230769231,0.8315789473684211,0.627327935222672
DenseNet-121,CNN,smoking_status,Current,461,43,0.09327548806941431,0.7945921887170357,0.737527114967462,0.627906976744186,0.7488038277511961,0.6883554022476911
DenseNet-121,CNN,smoking_status,Former/never,456,38,0.08333333333333333,0.8781163434903048,0.7894736842105263,0.8157894736842105,0.7870813397129187,0.8014354066985646
EfficientNet-B0,CNN,smoking_status,Current,461,43,0.09327548806941431,0.8709246689662846,0.7852494577006508,0.6976744186046512,0.7942583732057417,0.7459663959051964
EfficientNet-B0,CNN,smoking_status,Former/never,456,38,0.08333333333333333,0.8570888944850165,0.793859649122807,0.7894736842105263,0.7942583732057417,0.791866028708134
Ensemble mean,ensemble,smoking_status,Current,461,43,0.09327548806941431,0.8600756648492267,0.8481561822125814,0.627906976744186,0.8708133971291866,0.7493601869366864
Ensemble mean,ensemble,smoking_status,Former/never,456,38,0.08333333333333333,0.9167715940569126,0.8530701754385965,0.8157894736842105,0.8564593301435407,0.8361244019138756
ResNet-18,CNN,smoking_status,Current,461,43,0.09327548806941431,0.8327584288416602,0.8286334056399133,0.6046511627906976,0.8516746411483254,0.7281629019695115
ResNet-18,CNN,smoking_status,Former/never,456,38,0.08333333333333333,0.8878116343490305,0.831140350877193,0.7894736842105263,0.8349282296650717,0.812200956937799
ResNet-50,CNN,smoking_status,Current,461,43,0.09327548806941431,0.7849115388895072,0.7114967462039046,0.7209302325581395,0.7105263157894737,0.7157282741738066
ResNet-50,CNN,smoking_status,Former/never,456,38,0.08333333333333333,0.8534374213044573,0.7280701754385965,0.868421052631579,0.715311004784689,0.791866028708134
STU-Net,medical_pretrained,smoking_status,Current,461,43,0.09327548806941431,0.8628018248581285,0.8611713665943601,0.5813953488372093,0.8899521531100478,0.7356737509736286
STU-Net,medical_pretrained,smoking_status,Former/never,456,38,0.08333333333333333,0.8841601611684714,0.8728070175438597,0.6578947368421053,0.8923444976076556,0.7751196172248804
Swin-UNETR,transformer,smoking_status,Current,461,43,0.09327548806941431,0.755758317569823,0.8112798264642083,0.4883720930232558,0.8444976076555024,0.6664348503393791
Swin-UNETR,transformer,smoking_status,Former/never,456,38,0.08333333333333333,0.8530596826995718,0.831140350877193,0.6842105263157895,0.8444976076555024,0.7643540669856459
ViT-Base,transformer,smoking_status,Current,461,43,0.09327548806941431,0.6763102258818292,0.8091106290672451,0.32558139534883723,0.8588516746411483,0.5922165349949928
ViT-Base,transformer,smoking_status,Former/never,456,38,0.08333333333333333,0.7097078821455552,0.7785087719298246,0.39473684210526316,0.8133971291866029,0.6040669856459331
