referral_strategy,label_free,statistic,referral_pct,referred_n,auto_n,coverage,roc_auc,accuracy,sensitivity,specificity,false_positive_rate,false_negative_rate,auto_error_rate,auto_error_rate_boot_ci_low,auto_error_rate_boot_ci_high,sensitivity_boot_ci_low,sensitivity_boot_ci_high,specificity_boot_ci_low,specificity_boot_ci_high,expected_auto_error_n
ensemble_margin,True,selected_subset,0,0,439,1.0,0.8112550907071455,0.8473804100227791,0.4189189189189189,0.9342465753424658,0.06575342465753424,0.581081081081081,0.15261958997722094,0.1252847380410023,0.18223234624145787,0.2972972972972973,0.527027027027027,0.9081506849315069,0.958904109589041,
ensemble_margin,True,selected_subset,5,22,417,0.9498861047835991,0.8043112606232294,0.86810551558753,0.40625,0.9518413597733711,0.04815864022662889,0.59375,0.13189448441247004,0.10311750599520383,0.15827338129496402,0.29457569913211185,0.5354228855721392,0.929461955310819,0.9759919345130612,
ensemble_margin,True,selected_subset,10,44,395,0.8997722095671982,0.8028132461330841,0.8886075949367088,0.40350877192982454,0.9704142011834319,0.029585798816568046,0.5964912280701754,0.11139240506329114,0.08607594936708861,0.13670886075949368,0.2804166666666667,0.5357142857142857,0.9464201248948138,0.9882005899705014,
ensemble_margin,True,selected_subset,15,66,373,0.8496583143507973,0.7943436633912824,0.8927613941018767,0.32653061224489793,0.9783950617283951,0.021604938271604937,0.673469387755102,0.10723860589812333,0.08042895442359249,0.13404825737265416,0.18891369047619047,0.4782608695652174,0.9594948563664596,0.99375,
ensemble_margin,True,selected_subset,20,88,351,0.7995444191343963,0.787871783017414,0.9031339031339032,0.30952380952380953,0.9838187702265372,0.016181229773462782,0.6904761904761905,0.09686609686609686,0.07407407407407407,0.1225071225071225,0.1605497542997543,0.43902439024390244,0.9646840732954077,0.99673252523095,
ensemble_margin,True,selected_subset,30,132,307,0.6993166287015945,0.7090780141843972,0.9250814332247557,0.2,0.9893617021276596,0.010638297872340425,0.8,0.0749185667752443,0.05211726384364821,0.10423452768729642,0.0,0.34782608695652173,0.9719245543189206,1.0,
ensemble_margin,True,selected_subset,40,176,263,0.5990888382687927,0.580895008605852,0.9505703422053232,0.07142857142857142,1.0,0.0,0.9285714285714286,0.049429657794676805,0.030418250950570342,0.07804182509505694,0.0,0.22908496732026112,1.0,1.0,
STU-Net_margin,True,selected_subset,0,0,439,1.0,0.8112550907071455,0.8473804100227791,0.4189189189189189,0.9342465753424658,0.06575342465753424,0.581081081081081,0.15261958997722094,0.12072892938496584,0.17995444191343962,0.3108108108108108,0.5405405405405406,0.9095890410958904,0.958904109589041,
STU-Net_margin,True,selected_subset,5,22,417,0.9498861047835991,0.7869993371839789,0.8633093525179856,0.3389830508474576,0.9497206703910615,0.05027932960893855,0.6610169491525424,0.1366906474820144,0.11270983213429256,0.1667266187050359,0.1800682261208577,0.45161290322580644,0.9249890045447882,0.9719887955182073,
STU-Net_margin,True,selected_subset,10,44,395,0.8997722095671982,0.7515896307165566,0.8759493670886076,0.23404255319148937,0.9626436781609196,0.03735632183908046,0.7659574468085106,0.1240506329113924,0.09873417721518987,0.14936708860759493,0.10197916666666668,0.37361918604651156,0.932810867293626,0.9813703038033394,
STU-Net_margin,True,selected_subset,15,66,373,0.8496583143507973,0.7154922779922781,0.8873994638069705,0.13513513513513514,0.9702380952380952,0.02976190476190476,0.8648648648648649,0.1126005361930295,0.08847184986595175,0.13672922252010725,0.02631578947368421,0.23684210526315788,0.9520958083832335,0.9879535124248116,
STU-Net_margin,True,selected_subset,20,88,351,0.7995444191343963,0.6912298387096774,0.9002849002849003,0.06451612903225806,0.98125,0.01875,0.9354838709677419,0.09971509971509972,0.07407407407407407,0.1225071225071225,0.0,0.1935483870967742,0.965625,0.9968306710870002,
STU-Net_margin,True,selected_subset,30,132,307,0.6993166287015945,0.6977304964539007,0.9153094462540716,0.0,0.9964539007092199,0.0035460992907801418,1.0,0.08469055374592833,0.05537459283387622,0.10749185667752444,0.0,0.0,0.9859649122807017,1.0,
STU-Net_margin,True,selected_subset,40,176,263,0.5990888382687927,0.7002057613168725,0.9239543726235742,0.0,1.0,0.0,1.0,0.07604562737642585,0.049429657794676805,0.1008555133079847,0.0,0.0,0.9959915662650602,1.0,
EfficientNet-B0_margin,True,selected_subset,0,0,439,1.0,0.8112550907071455,0.8473804100227791,0.4189189189189189,0.9342465753424658,0.06575342465753424,0.581081081081081,0.15261958997722094,0.12408883826879272,0.17995444191343962,0.2972972972972973,0.5405405405405406,0.9095890410958904,0.958904109589041,
EfficientNet-B0_margin,True,selected_subset,5,22,417,0.9498861047835991,0.8076923076923077,0.8609112709832134,0.3939393939393939,0.9487179487179487,0.05128205128205128,0.6060606060606061,0.13908872901678657,0.10905275779376498,0.16546762589928057,0.27692307692307694,0.5227497129735935,0.9257142857142857,0.9743972173659674,
EfficientNet-B0_margin,True,selected_subset,10,44,395,0.8997722095671982,0.8081448889798425,0.8734177215189873,0.39655172413793105,0.9554896142433235,0.04451038575667656,0.603448275862069,0.12658227848101267,0.10126582278481013,0.15443037974683543,0.2681746031746032,0.5317792338709677,0.9342141248391249,0.9762275681786067,
EfficientNet-B0_margin,True,selected_subset,15,66,373,0.8496583143507973,0.8077522166307213,0.8820375335120644,0.36538461538461536,0.9657320872274143,0.03426791277258567,0.6346153846153846,0.11796246648793565,0.09242627345844505,0.14745308310991956,0.22641509433962265,0.49091360476663354,0.9441815856777493,0.9843517339341693,
EfficientNet-B0_margin,True,selected_subset,20,88,351,0.7995444191343963,0.8133938393839385,0.8945868945868946,0.3333333333333333,0.9834983498349835,0.0165016501650165,0.6666666666666666,0.10541310541310542,0.07977207977207977,0.1339031339031339,0.20833333333333334,0.4659302325581395,0.9604579207920791,0.9951578895753652,
EfficientNet-B0_margin,True,selected_subset,30,132,307,0.6993166287015945,0.7838943431510051,0.9250814332247557,0.3225806451612903,0.9927536231884058,0.007246376811594203,0.6774193548387096,0.0749185667752443,0.05537459283387622,0.10749185667752444,0.16666666666666666,0.5,0.9779411764705882,1.0,
EfficientNet-B0_margin,True,selected_subset,40,176,263,0.5990888382687927,0.7972826086956522,0.9467680608365019,0.391304347826087,1.0,0.0,0.6086956521739131,0.053231939163498096,0.034220532319391636,0.08745247148288973,0.13043478260869565,0.5454545454545454,0.9873670354217637,1.0,
mean_individual_margin,True,selected_subset,0,0,439,1.0,0.8112550907071455,0.8473804100227791,0.4189189189189189,0.9342465753424658,0.06575342465753424,0.581081081081081,0.15261958997722094,0.1252847380410023,0.18223234624145787,0.3108108108108108,0.5405405405405406,0.9041095890410958,0.958904109589041,
mean_individual_margin,True,selected_subset,5,22,417,0.9498861047835991,0.7860877684407096,0.8585131894484412,0.35,0.9439775910364145,0.056022408963585436,0.65,0.14148681055155876,0.11510791366906475,0.17266187050359713,0.22950819672131148,0.47415254237288135,0.917677370911015,0.9662016758712626,
mean_individual_margin,True,selected_subset,10,44,395,0.8997722095671982,0.7706086956521739,0.8708860759493671,0.3,0.9536231884057971,0.0463768115942029,0.7,0.1291139240506329,0.10379746835443038,0.1569620253164557,0.17307692307692307,0.425531914893617,0.9278445719711482,0.9742155172413793,
mean_individual_margin,True,selected_subset,15,66,373,0.8496583143507973,0.7568695151776723,0.8900804289544236,0.2619047619047619,0.9697885196374623,0.030211480362537766,0.7380952380952381,0.10991957104557641,0.08579088471849866,0.13672922252010725,0.13722501571338783,0.4249999999999998,0.9460228192264121,0.9877675840978594,
mean_individual_margin,True,selected_subset,20,88,351,0.7995444191343963,0.7398734177215189,0.905982905982906,0.2,0.9841772151898734,0.015822784810126583,0.8,0.09401709401709402,0.07122507122507123,0.1225071225071225,0.05630952380952381,0.34754310344827577,0.9647907407786676,0.9968703467868338,
mean_individual_margin,True,selected_subset,30,132,307,0.6993166287015945,0.6919905771495877,0.9250814332247557,0.08333333333333333,0.9964664310954063,0.0035335689045936395,0.9166666666666666,0.0749185667752443,0.050407166123778505,0.09771986970684039,0.0,0.20362068965517227,0.9893038256227759,1.0,
mean_individual_margin,True,selected_subset,40,176,263,0.5990888382687927,0.6556671449067432,0.9391634980988594,0.058823529411764705,1.0,0.0,0.9411764705882353,0.060836501901140684,0.034220532319391636,0.08745247148288973,0.0,0.2569078947368418,1.0,1.0,
std_p,True,selected_subset,0,0,439,1.0,0.8112550907071455,0.8473804100227791,0.4189189189189189,0.9342465753424658,0.06575342465753424,0.581081081081081,0.15261958997722094,0.1275626423690205,0.17995444191343962,0.3108108108108108,0.527027027027027,0.9068493150684932,0.958904109589041,
std_p,True,selected_subset,5,22,417,0.9498861047835991,0.8206257719226019,0.8537170263788969,0.42857142857142855,0.9394812680115274,0.06051873198847262,0.5714285714285714,0.14628297362110312,0.11624700239808154,0.1750599520383693,0.3194444444444444,0.5563888888888888,0.9110407815433258,0.9654178674351584,
std_p,True,selected_subset,10,44,395,0.8997722095671982,0.8302097902097901,0.8658227848101265,0.46153846153846156,0.9454545454545454,0.05454545454545454,0.5384615384615384,0.1341772151898734,0.10753164556962025,0.1620253164556962,0.34544127190136276,0.5870378151260504,0.9212121212121213,0.9695608458744162,
std_p,True,selected_subset,15,66,373,0.8496583143507973,0.8310859869308163,0.8632707774798928,0.45161290322580644,0.9453376205787781,0.05466237942122187,0.5483870967741935,0.13672922252010725,0.1126005361930295,0.16621983914209115,0.33857940446650125,0.5806451612903226,0.9186923621980625,0.9676923478442426,
std_p,True,selected_subset,20,88,351,0.7995444191343963,0.8365889050117201,0.8575498575498576,0.45161290322580644,0.9446366782006921,0.05536332179930796,0.5483870967741935,0.14245014245014245,0.1111111111111111,0.1752849002849002,0.3333333333333333,0.5668520578420466,0.9153676295058486,0.9691780821917808,
std_p,True,selected_subset,30,132,307,0.6993166287015945,0.8310057940870599,0.8599348534201955,0.4528301886792453,0.9448818897637795,0.05511811023622047,0.5471698113207547,0.14006514657980457,0.10749185667752444,0.17760586319218233,0.31569444444444444,0.5908524426719839,0.9161589641434263,0.9683794466403162,
std_p,True,selected_subset,40,176,263,0.5990888382687927,0.8397286821705426,0.844106463878327,0.4375,0.9348837209302325,0.06511627906976744,0.5625,0.155893536121673,0.11406844106463879,0.19771863117870722,0.31027777777777776,0.58,0.8992782973305233,0.9657008086253368,
max_p_gap,True,selected_subset,0,0,439,1.0,0.8112550907071455,0.8473804100227791,0.4189189189189189,0.9342465753424658,0.06575342465753424,0.581081081081081,0.15261958997722094,0.12408883826879272,0.18223234624145787,0.3108108108108108,0.5341216216216214,0.9068493150684932,0.958904109589041,
max_p_gap,True,selected_subset,5,22,417,0.9498861047835991,0.8178410794602698,0.8585131894484412,0.43478260869565216,0.9425287356321839,0.05747126436781609,0.5652173913043478,0.14148681055155876,0.11510791366906475,0.17026378896882494,0.3287671232876712,0.551519576032879,0.9160574264890676,0.9658165584415584,
max_p_gap,True,selected_subset,10,44,395,0.8997722095671982,0.827622731878051,0.8632911392405064,0.4393939393939394,0.9483282674772037,0.05167173252279635,0.5606060606060606,0.13670886075949368,0.10632911392405063,0.1670886075949367,0.3232918552036199,0.5538461538461539,0.921562534124413,0.9725609756097561,
max_p_gap,True,selected_subset,15,66,373,0.8496583143507973,0.8277955271565495,0.8632707774798928,0.4166666666666667,0.9488817891373802,0.051118210862619806,0.5833333333333334,0.13672922252010725,0.10723860589812333,0.16762734584450395,0.29164349276974416,0.545717213114754,0.9260450160771704,0.9741100323624595,
max_p_gap,True,selected_subset,20,88,351,0.7995444191343963,0.8322639225181597,0.8689458689458689,0.42857142857142855,0.9525423728813559,0.04745762711864407,0.5714285714285714,0.13105413105413105,0.10106837606837607,0.1623931623931624,0.304644412191582,0.5585479139504562,0.928198782084249,0.9763132730187815,
max_p_gap,True,selected_subset,30,132,307,0.6993166287015945,0.8315233785822022,0.8599348534201955,0.4230769230769231,0.9490196078431372,0.050980392156862744,0.5769230769230769,0.14006514657980457,0.10578175895765474,0.1758957654723127,0.2843876518218623,0.5591162790697675,0.9230769230769231,0.9731848209042866,
max_p_gap,True,selected_subset,40,176,263,0.5990888382687927,0.8281976744186047,0.844106463878327,0.3958333333333333,0.9441860465116279,0.05581395348837209,0.6041666666666666,0.155893536121673,0.11406844106463879,0.19011406844106463,0.2782127659574468,0.5630965909090908,0.9118222437553833,0.9761409724753919,
vote_entropy,True,selected_subset,0,0,439,1.0,0.8112550907071455,0.8473804100227791,0.4189189189189189,0.9342465753424658,0.06575342465753424,0.581081081081081,0.15261958997722094,0.1252847380410023,0.17995444191343962,0.3108108108108108,0.527027027027027,0.9068493150684932,0.958904109589041,
vote_entropy,True,selected_subset,5,22,417,0.9498861047835991,0.8060817988668555,0.86810551558753,0.4375,0.9461756373937678,0.053824362606232294,0.5625,0.13189448441247004,0.1079136690647482,0.1630695443645084,0.3148561507936508,0.5469941348973606,0.9186350224250531,0.96875,
vote_entropy,True,selected_subset,10,44,395,0.8997722095671982,0.8065077253658037,0.8810126582278481,0.43103448275862066,0.9584569732937686,0.04154302670623145,0.5689655172413793,0.1189873417721519,0.09367088607594937,0.1468354430379747,0.29895178197064987,0.5630376344086021,0.9319526627218935,0.9790747609259094,
vote_entropy,True,selected_subset,15,66,373,0.8496583143507973,0.8029472658628669,0.8873994638069705,0.4117647058823529,0.9627329192546584,0.037267080745341616,0.5882352941176471,0.1126005361930295,0.08847184986595175,0.14209115281501342,0.276062091503268,0.5321933962264149,0.9402304193037975,0.9813664596273292,
vote_entropy,True,selected_subset,20,88,351,0.7995444191343963,0.7874865156418553,0.8974358974358975,0.38095238095238093,0.9676375404530745,0.032362459546925564,0.6190476190476191,0.10256410256410256,0.07407407407407407,0.13105413105413105,0.24324324324324326,0.5051470588235292,0.9482899736919029,0.9889092217696241,
vote_entropy,True,selected_subset,30,132,307,0.6993166287015945,0.7558363417569194,0.9185667752442996,0.3333333333333333,0.9819494584837545,0.018050541516245487,0.6666666666666666,0.08143322475570032,0.05537459283387622,0.10749185667752444,0.17857142857142858,0.5333333333333333,0.9636989459815547,0.9929577464788732,
vote_entropy,True,selected_subset,40,176,263,0.5990888382687927,0.7484033613445378,0.9163498098859315,0.28,0.9831932773109243,0.01680672268907563,0.72,0.08365019011406843,0.057034220532319393,0.11026615969581749,0.08158333333333334,0.44233333333333325,0.967006768016869,1.0,
random_simulated,True,selected_subset,0,0,439,1.0,0.8112550907071455,0.8473804100227791,0.4189189189189189,0.9342465753424658,0.06575342465753424,0.581081081081081,0.15261958997722094,0.1252847380410023,0.18223234624145787,0.2972972972972973,0.5405405405405406,0.9054109589041096,0.958904109589041,
random_simulated,True,selected_subset,5,22,417,0.9498861047835991,0.8033867947569812,0.841726618705036,0.39436619718309857,0.9335260115606936,0.06647398843930635,0.6056338028169014,0.15827338129496402,0.12709832134292565,0.18705035971223022,0.2826846212409593,0.5145063025210084,0.9072463768115943,0.9594202898550724,
random_simulated,True,selected_subset,10,44,395,0.8997722095671982,0.807114588954848,0.8379746835443038,0.39705882352941174,0.9296636085626911,0.07033639143730887,0.6029411764705882,0.1620253164556962,0.13164556962025317,0.19120253164556958,0.27397891963109355,0.5074626865671642,0.9013789173789174,0.9545454545454546,
random_simulated,True,selected_subset,15,66,373,0.8496583143507973,0.7988735279057859,0.839142091152815,0.38095238095238093,0.932258064516129,0.06774193548387097,0.6190476190476191,0.16085790884718498,0.13136729222520108,0.19302949061662197,0.26189785624211853,0.5,0.9017920282867246,0.9580000521975154,
random_simulated,True,selected_subset,20,88,351,0.7995444191343963,0.7989319712096588,0.8376068376068376,0.3728813559322034,0.9315068493150684,0.0684931506849315,0.6271186440677966,0.1623931623931624,0.13105413105413105,0.19658119658119658,0.23728813559322035,0.4915254237288136,0.9044368600682594,0.9584775086505191,
random_simulated,True,selected_subset,30,132,307,0.6993166287015945,0.7769230769230768,0.8273615635179153,0.36538461538461536,0.9215686274509803,0.0784313725490196,0.6346153846153846,0.17263843648208468,0.13355048859934854,0.20846905537459284,0.25776353276353275,0.5152454780361756,0.8862745098039215,0.9532207563229572,
random_simulated,True,selected_subset,40,176,263,0.5990888382687927,0.7726809378185524,0.8288973384030418,0.37777777777777777,0.9220183486238532,0.0779816513761468,0.6222222222222222,0.17110266159695817,0.13307984790874525,0.21292775665399238,0.23048839458413928,0.5232954545454546,0.883403429838289,0.9565164529779573,
random_expected,True,analytical_expectation,0,0,439,1.0,,,,,,,0.15261958997722094,,,,,,,67.0
random_expected,True,analytical_expectation,5,22,417,0.9498861047835991,,,,,,,0.15261958997722094,,,,,,,63.642369020501135
random_expected,True,analytical_expectation,10,44,395,0.8997722095671982,,,,,,,0.15261958997722094,,,,,,,60.28473804100228
random_expected,True,analytical_expectation,15,66,373,0.8496583143507973,,,,,,,0.15261958997722094,,,,,,,56.92710706150341
random_expected,True,analytical_expectation,20,88,351,0.7995444191343963,,,,,,,0.15261958997722094,,,,,,,53.569476082004556
random_expected,True,analytical_expectation,30,132,307,0.6993166287015945,,,,,,,0.15261958997722094,,,,,,,46.854214123006834
random_expected,True,analytical_expectation,40,176,263,0.5990888382687927,,,,,,,0.15261958997722094,,,,,,,40.13895216400911
