subgroup_family,subgroup,n,positive_label_n,prevalence,consensus_error_rate,consensus_error_ci_low,consensus_error_ci_high,high_confidence_error_rate,mean_disagreement_score,enrichment_ratio,p_value,exploratory,low_positive_count,p_value_fdr_bh
size_bin + density,>8-15 mm | Ground-glass,15,1,0.06666666666666667,0.4666666666666667,0.2,0.7333333333333333,0.13333333333333333,0.11168241883487376,3.034988179669031,0.0007055616281946366,True,True,0.0037843760057712323
size_bin + smoking,>15 mm | Current,25,7,0.28,0.36,0.08686594202898551,0.6087221633085896,0.0,0.10848941542926765,2.341276595744681,0.0037498436986400123,True,True,0.013827548638735046
size_bin,>15 mm,49,16,0.32653061224489793,0.3469387755102041,0.16666666666666666,0.5306533903884134,0.061224489795918366,0.11056645465243574,2.2563323201621075,0.00011664951597888207,True,False,0.0008602901803442553
size_bin + smoking,>15 mm | Former/never,24,9,0.375,0.3333333333333333,0.09090909090909091,0.56,0.125,0.1127300371765692,2.1678486997635935,0.01346134742070545,True,True,0.030546903762370056
size_bin + smoking,>8-15 mm | Current,71,16,0.22535211267605634,0.29577464788732394,0.17645071542130367,0.4383561643835616,0.07042253521126761,0.1187228063176739,1.9235840575367098,0.0005529655953102433,True,False,0.003262497012330435
size_bin + density,>8-15 mm | Solid,122,22,0.18032786885245902,0.29508196721311475,0.2066115702479339,0.3965585659551177,0.06557377049180328,0.12040811267681358,1.9190791768399025,3.360998542110214e-06,True,False,3.304981899741711e-05
size_bin,>8-15 mm,156,26,0.16666666666666666,0.2948717948717949,0.21117170545536182,0.3878096521627518,0.07692307692307693,0.12000610869624816,1.9177123113293328,8.167152445942992e-08,True,False,1.6062066477021218e-06
size_bin + smoking,>8-15 mm | Former/never,85,10,0.11764705882352941,0.29411764705882354,0.18603452409494126,0.41669303797468354,0.08235294117647059,0.12107804362423369,1.9128076762619943,0.00016582546230158789,True,False,0.0010870780306437428
size_bin + density,>15 mm | Solid,24,10,0.4166666666666667,0.2916666666666667,0.047619047619047616,0.5185185185185185,0.08333333333333333,0.11697641982984525,1.8968676122931445,0.05771025237871056,True,False,0.10983564162399752
density + margin,Solid | Smooth,86,16,0.18604651162790697,0.2558139534883721,0.1341260162601626,0.37777777777777777,0.046511627906976744,0.11461211142543686,1.6636978393534556,0.005850928731294055,True,False,0.01917804417479718
age_group,>=70,138,14,0.10144927536231885,0.2463768115942029,0.12028619082918564,0.39860368389780154,0.057971014492753624,0.11820104064502653,1.602322951999178,0.0010664652884288456,True,False,0.004840111693638608
margin,Smooth,100,19,0.19,0.24,0.13858888182396223,0.3522894385026738,0.04,0.11292119676135666,1.5608510638297872,0.01131574045093971,True,False,0.028209203974465625
margin,Not determined,25,4,0.16,0.24,0.06661290322580646,0.4583333333333333,0.12,0.13043814409828208,1.5608510638297872,0.22551679384311862,True,True,0.33231472073472
density + margin,Part-solid | Spiculated/irregular,44,2,0.045454545454545456,0.22727272727272727,0.09518272425249169,0.369628412537917,0.06818181818181818,0.11419734505855916,1.4780786589297228,0.16592360652046065,True,True,0.2510126355053123
size_bin + smoking,Missing | Former/never,85,9,0.10588235294117647,0.2235294117647059,0.11996052631578948,0.3333333333333333,0.12941176470588237,0.13152698555303477,1.4537338339591157,0.06120273707634906,True,True,0.11284254648451858
lobe_or_location,Right upper lobe,187,20,0.10695187165775401,0.2192513368983957,0.14868020304568527,0.2950973911510664,0.0481283422459893,0.11744191579560513,1.4259111768498502,0.005393483546586018,True,False,0.018718560544033827
density,Missing,211,25,0.11848341232227488,0.20853080568720378,0.13742939687073946,0.28230445184106506,0.11848341232227488,0.12770024005943031,1.3561897079089777,0.01195305253155323,True,False,0.028209203974465625
margin,Missing,211,25,0.11848341232227488,0.20853080568720378,0.13742939687073946,0.28230445184106506,0.11848341232227488,0.12770024005943031,1.3561897079089777,0.01195305253155323,True,False,0.028209203974465625
lobe_or_location,Missing,211,25,0.11848341232227488,0.20853080568720378,0.13742939687073946,0.28230445184106506,0.11848341232227488,0.12770024005943031,1.3561897079089777,0.01195305253155323,True,False,0.028209203974465625
size_bin + density,Missing | Missing,211,25,0.11848341232227488,0.20853080568720378,0.13742939687073946,0.28230445184106506,0.11848341232227488,0.12770024005943031,1.3561897079089777,0.01195305253155323,True,False,0.028209203974465625
density + margin,Missing | Missing,211,25,0.11848341232227488,0.20853080568720378,0.13742939687073946,0.28230445184106506,0.11848341232227488,0.12770024005943031,1.3561897079089777,0.01195305253155323,True,False,0.028209203974465625
size_bin,Missing,216,26,0.12037037037037036,0.20833333333333334,0.13511496571198064,0.2824248477929984,0.11574074074074074,0.12718739485113026,1.354905437352246,0.010990979135900164,True,False,0.028209203974465625
density,Part-solid,60,3,0.05,0.2,0.09227272727272728,0.3167688679245282,0.1,0.11817679338979127,1.3007092198581562,0.3043927620711291,True,True,0.4081630218681049
size_bin + density,>6-8 mm | Part-solid,15,0,0.0,0.2,0.0,0.4,0.2,0.1260326840465644,1.3007092198581562,0.7147000104804804,True,True,0.8109096272759296
size_bin + smoking,Missing | Current,131,17,0.1297709923664122,0.1984732824427481,0.11027113970588236,0.30598512909903036,0.10687022900763359,0.1243716298918793,1.2907801418439717,0.12544086663010834,True,False,0.19476345082043137
sex,Female,355,46,0.1295774647887324,0.18591549295774648,0.13255531816224453,0.24250923044676975,0.061971830985915494,0.12451979350695518,1.2091099790230746,0.03193040470496057,True,False,0.06279646258642255
density + margin,Ground-glass | Spiculated/irregular,33,5,0.15151515151515152,0.18181818181818182,0.034482758620689655,0.33355263157894716,0.030303030303030304,0.11451375257413175,1.1824629271437783,0.64906594114708,True,True,0.7815283781158718
lobe_or_location,Left upper lobe,89,5,0.056179775280898875,0.1797752808988764,0.09300030599755202,0.2766252955082742,0.0449438202247191,0.11801563610050712,1.1691768268387919,0.4740208184384984,True,True,0.6079832236493784
margin,Spiculated/irregular,166,14,0.08433734939759036,0.1746987951807229,0.10795029259662493,0.2452912942734194,0.04819277108433735,0.12263165573770436,1.1361616679483895,0.4086182346049415,True,False,0.5357439075931456
smoking_status,Current,461,43,0.09327548806941431,0.16702819956616052,0.11672429127989277,0.22511688311688313,0.07158351409978309,0.12807053761935466,1.0862755957600654,0.2628221791614645,True,False,0.3606164783843351
size_bin + density,>8-15 mm | Part-solid,12,1,0.08333333333333333,0.16666666666666666,0.0,0.4444444444444444,0.16666666666666666,0.11106990147434936,1.0839243498817968,1.0,True,True,1.0
density,Ground-glass,57,6,0.10526315789473684,0.15789473684210525,0.06118641486445325,0.2777777777777778,0.05263157894736842,0.12082788618897505,1.026875699888018,0.9288337068975269,True,True,0.978592655481323
density + margin,Solid | Not determined,13,4,0.3076923076923077,0.15384615384615385,0.0,0.4166666666666667,0.07692307692307693,0.1430107935551993,1.0005455537370431,1.0,True,True,1.0
age_group,60-64,279,20,0.07168458781362007,0.14695340501792115,0.09159472313098267,0.20930232558139536,0.07885304659498207,0.13103714977557662,0.9557182439817993,0.7054382489030313,True,False,0.8109096272759296
lobe_or_location,Left lower lobe,158,13,0.08227848101265822,0.14556962025316456,0.08269792127377266,0.21429894179894177,0.0949367088607595,0.1345487062072569,0.9467187359727085,0.75367700604912,True,False,0.838998931262228
size_bin + smoking,>6-8 mm | Current,55,0,0.0,0.14545454545454545,0.047619047619047616,0.2609267734553775,0.10909090909090909,0.14198493052645542,0.9459703417150226,0.8601631477958924,True,True,0.9227204676355938
age_group,65-69,219,20,0.091324200913242,0.1415525114155251,0.086122931210291,0.2081335056522687,0.0502283105022831,0.12487564772399996,0.920593283461252,0.5658756229170976,True,False,0.7054379856775426
smoking_status,Former/never,456,38,0.08333333333333333,0.14035087719298245,0.09913611827263938,0.18919514227884274,0.07675438596491228,0.12858862687720693,0.9127783999004604,0.26282217916146455,True,False,0.3606164783843351
sex,Male,562,35,0.06227758007117438,0.13345195729537365,0.09020040808340554,0.1869921134072077,0.08185053380782918,0.13073381673231277,0.8679109563110471,0.03193040470496062,True,False,0.06279646258642255
density + margin,Solid | Spiculated/irregular,83,6,0.07228915662650602,0.13253012048192772,0.05952086280056577,0.2191780821917808,0.04819277108433735,0.1301014502605733,0.8619157480987782,0.5739156493647803,True,True,0.7054379856775426
density,Solid,560,45,0.08035714285714286,0.125,0.08680575435573154,0.16426954745384129,0.060714285714285714,0.1305056473167143,0.8129432624113476,0.0024937126062603396,True,False,0.009808602917957336
age_group,<60,281,27,0.09608540925266904,0.12455516014234876,0.07604418274064742,0.18492985901662337,0.09608540925266904,0.13330269199492292,0.8100502258903107,0.1031497770705392,True,False,0.1738810527760518
size_bin + density,<=6 mm | Part-solid,27,1,0.037037037037037035,0.1111111111111111,0.0,0.26666666666666666,0.0,0.12345394315148514,0.7226162332545312,0.7860839917095543,True,True,0.858869546497476
density,Not determined,18,2,0.1111111111111111,0.1111111111111111,0.0,0.29411764705882354,0.0,0.13099704055429076,0.7226162332545312,1.0,True,True,1.0
size_bin,>6-8 mm,130,3,0.023076923076923078,0.1076923076923077,0.053029048765803735,0.1750143129770992,0.11538461538461539,0.13816835478519499,0.7003818876159302,0.11598144894830424,True,True,0.19008070799860974
size_bin + density,>6-8 mm | Solid,107,3,0.028037383177570093,0.102803738317757,0.040644247351564425,0.17396336553945244,0.11214953271028037,0.14046950267376393,0.6685888513289587,0.11998916752164822,True,True,0.19133407793992552
density + margin,Solid | Lobulated,378,19,0.05026455026455026,0.09259259259259259,0.06028280359614449,0.1293649705115896,0.06613756613756613,0.13378031806065416,0.6021801943787759,1.7054778431464693e-05,True,False,0.00014374741820805955
margin,Lobulated,415,19,0.04578313253012048,0.09156626506024096,0.058029545046661885,0.13092594252461456,0.06746987951807229,0.13451145280707813,0.5955054259591558,2.0613251452238193e-06,True,False,2.4323636713641068e-05
size_bin + smoking,>6-8 mm | Former/never,75,3,0.04,0.08,0.02468383017163505,0.1509576901086335,0.12,0.13536953257493733,0.5202836879432624,0.06458974353567994,True,True,0.11547863238197321
density + margin,Ground-glass | Lobulated,13,0,0.0,0.07692307692307693,0.0,0.2505681818181813,0.07692307692307693,0.1457041038126425,0.5002727768685216,0.7039885935656791,True,True,0.8109096272759296
size_bin + smoking,<=6 mm | Current,179,3,0.01675977653631285,0.07262569832402235,0.03351029352757801,0.12025316455696203,0.0446927374301676,0.13294474029857395,0.47232457704346453,0.0007950684660688601,True,True,0.003909086624838562
lobe_or_location,Right lower lobe,156,9,0.057692307692307696,0.07051282051282051,0.03224275214373214,0.12102393360355143,0.07692307692307693,0.13786738748995794,0.4585833787961448,0.0015550602796215686,True,True,0.006553468321262325
lobe_or_location,Right middle lobe,79,6,0.0759493670886076,0.06329113924050633,0.0,0.14869955572010363,0.012658227848101266,0.12892233468485126,0.4116168417272646,0.019704480368823926,True,True,0.04305793858372636
size_bin + density,<=6 mm | Solid,305,9,0.029508196721311476,0.05245901639344262,0.026142369991474852,0.08385143257864155,0.03934426229508197,0.13215197968455347,0.3411696314382049,1.929991346500839e-09,True,True,5.693474472177475e-08
size_bin,<=6 mm,366,10,0.0273224043715847,0.05191256830601093,0.02636497985680449,0.0793779938010707,0.03551912568306011,0.13143130889077953,0.3376157811107236,3.203825709402773e-12,True,False,1.890257168547636e-10
lobe_or_location,Lingula,30,3,0.1,0.03333333333333333,0.0,0.11538461538461539,0.0,0.13711431287442272,0.21678486997635935,0.07050515890633327,True,True,0.12234718751393127
size_bin + smoking,<=6 mm | Former/never,187,7,0.0374331550802139,0.03208556149732621,0.005714285714285714,0.06488465738465737,0.026737967914438502,0.12998262321166085,0.2086699283194903,2.3424519679644495e-07,True,True,3.455116652747563e-06
size_bin + density,<=6 mm | Ground-glass,25,0,0.0,0.0,0.0,0.0,0.04,0.12821922101531427,0.0,0.022945324223303892,True,True,0.04834907604196177
density + margin,Part-solid | Lobulated,12,0,0.0,0.0,0.0,0.0,0.16666666666666666,0.13803754176248825,0.0,0.23093056864616135,True,True,0.33231472073472
