cohort,threshold,strategy,ranking_reference_threshold,referral_pct,majority_failure_n,unanimous_failure_n,majority_failure_rate,base_error_rate,base_false_negative_n,large_nodule_majority_rate,large_nodule_enrichment,auto_error_rate,auto_positive_n,auto_false_negative_n,residual_false_negative_rate,fn_capture,expected_auto_false_negative_n
LUNA25,0.3,STU-Net_margin,0.5,20,427,134,0.46564885496183206,0.4765539803707743,1,0.5714285714285714,1.2271662763466042,0.39154160982264663,50.0,1.0,0.02,0.0,
LUNA25,0.3,mean_individual_margin,0.5,20,427,134,0.46564885496183206,0.4765539803707743,1,0.5714285714285714,1.2271662763466042,0.3860845839017735,51.0,1.0,0.0196078431372549,0.0,
LUNA25,0.3,ensemble_margin,0.5,20,427,134,0.46564885496183206,0.4765539803707743,1,0.5714285714285714,1.2271662763466042,0.38472032742155526,52.0,1.0,0.019230769230769232,0.0,
LUNA25,0.3,vote_entropy,0.5,20,427,134,0.46564885496183206,0.4765539803707743,1,0.5714285714285714,1.2271662763466042,0.39017735334242837,48.0,1.0,0.020833333333333332,0.0,
LUNA25,0.3,random_expected,0.5,20,427,134,0.46564885496183206,0.4765539803707743,1,0.5714285714285714,1.2271662763466042,0.4765539803707743,,,,0.20065430752453653,0.7993456924754635
LUNA25,0.5,STU-Net_margin,0.5,20,141,20,0.15376226826608505,0.14940021810250817,23,0.3469387755102041,2.2563323201621075,0.06957708049113233,50.0,19.0,0.38,0.17391304347826086,
LUNA25,0.5,mean_individual_margin,0.5,20,141,20,0.15376226826608505,0.14940021810250817,23,0.3469387755102041,2.2563323201621075,0.08185538881309687,51.0,13.0,0.2549019607843137,0.43478260869565216,
LUNA25,0.5,ensemble_margin,0.5,20,141,20,0.15376226826608505,0.14940021810250817,23,0.3469387755102041,2.2563323201621075,0.09140518417462483,52.0,14.0,0.2692307692307692,0.391304347826087,
LUNA25,0.5,vote_entropy,0.5,20,141,20,0.15376226826608505,0.14940021810250817,23,0.3469387755102041,2.2563323201621075,0.10641200545702592,48.0,12.0,0.25,0.4782608695652174,
LUNA25,0.5,random_expected,0.5,20,141,20,0.15376226826608505,0.14940021810250817,23,0.3469387755102041,2.2563323201621075,0.14940021810250817,,,,0.20065430752453653,18.38495092693566
LUNA25,0.7,STU-Net_margin,0.5,20,73,28,0.07960741548527808,0.08396946564885496,77,0.2653061224489796,3.3326810176125248,0.06275579809004093,50.0,46.0,0.92,0.4025974025974026,
LUNA25,0.7,mean_individual_margin,0.5,20,73,28,0.07960741548527808,0.08396946564885496,77,0.2653061224489796,3.3326810176125248,0.06412005457025921,51.0,47.0,0.9215686274509803,0.38961038961038963,
LUNA25,0.7,ensemble_margin,0.5,20,73,28,0.07960741548527808,0.08396946564885496,77,0.2653061224489796,3.3326810176125248,0.06548431105047749,52.0,48.0,0.9230769230769231,0.37662337662337664,
LUNA25,0.7,vote_entropy,0.5,20,73,28,0.07960741548527808,0.08396946564885496,77,0.2653061224489796,3.3326810176125248,0.06002728512960437,48.0,44.0,0.9166666666666666,0.42857142857142855,
LUNA25,0.7,random_expected,0.5,20,73,28,0.07960741548527808,0.08396946564885496,77,0.2653061224489796,3.3326810176125248,0.08396946564885496,,,,0.20065430752453653,61.54961832061068
LNDb,0.3,STU-Net_margin,0.5,20,155,17,0.3530751708428246,0.3416856492027335,12,,,0.30484330484330485,31.0,12.0,0.3870967741935484,0.0,
LNDb,0.3,mean_individual_margin,0.5,20,155,17,0.3530751708428246,0.3416856492027335,12,,,0.28774928774928776,35.0,12.0,0.34285714285714286,0.0,
LNDb,0.3,ensemble_margin,0.5,20,155,17,0.3530751708428246,0.3416856492027335,12,,,0.2678062678062678,42.0,12.0,0.2857142857142857,0.0,
LNDb,0.3,vote_entropy,0.5,20,155,17,0.3530751708428246,0.3416856492027335,12,,,0.2678062678062678,42.0,12.0,0.2857142857142857,0.0,
LNDb,0.3,random_expected,0.5,20,155,17,0.3530751708428246,0.3416856492027335,12,,,0.3416856492027335,,,,0.20045558086560364,9.594533029612757
LNDb,0.5,STU-Net_margin,0.5,20,68,21,0.1548974943052392,0.15261958997722094,43,,,0.09971509971509972,31.0,29.0,0.9354838709677419,0.32558139534883723,
LNDb,0.5,mean_individual_margin,0.5,20,68,21,0.1548974943052392,0.15261958997722094,43,,,0.09401709401709402,35.0,28.0,0.8,0.3488372093023256,
LNDb,0.5,ensemble_margin,0.5,20,68,21,0.1548974943052392,0.15261958997722094,43,,,0.09686609686609686,42.0,29.0,0.6904761904761905,0.32558139534883723,
LNDb,0.5,vote_entropy,0.5,20,68,21,0.1548974943052392,0.15261958997722094,43,,,0.10256410256410256,42.0,26.0,0.6190476190476191,0.3953488372093023,
LNDb,0.5,random_expected,0.5,20,68,21,0.1548974943052392,0.15261958997722094,43,,,0.15261958997722094,,,,0.20045558086560364,34.380410022779046
LNDb,0.7,STU-Net_margin,0.5,20,74,45,0.16856492027334852,0.16856492027334852,74,,,0.08831908831908832,31.0,31.0,1.0,0.581081081081081,
LNDb,0.7,mean_individual_margin,0.5,20,74,45,0.16856492027334852,0.16856492027334852,74,,,0.09971509971509972,35.0,35.0,1.0,0.527027027027027,
LNDb,0.7,ensemble_margin,0.5,20,74,45,0.16856492027334852,0.16856492027334852,74,,,0.11965811965811966,42.0,42.0,1.0,0.43243243243243246,
LNDb,0.7,vote_entropy,0.5,20,74,45,0.16856492027334852,0.16856492027334852,74,,,0.11965811965811966,42.0,42.0,1.0,0.43243243243243246,
LNDb,0.7,random_expected,0.5,20,74,45,0.16856492027334852,0.16856492027334852,74,,,0.16856492027334852,,,,0.20045558086560364,59.16628701594533
