cohort,seed,referral_pct,auto_error_rate,auto_positive_n,auto_false_negative_n,residual_false_negative_rate,fn_capture
LUNA25,20260530,20,0.10641200545702592,48,12,0.25,0.4782608695652174
LUNA25,20260531,20,0.09959072305593451,50,11,0.22,0.5217391304347826
LUNA25,20260532,20,0.10368349249658936,49,12,0.24489795918367346,0.4782608695652174
LUNA25,20260533,20,0.10231923601637108,48,12,0.25,0.4782608695652174
LUNA25,20260534,20,0.10231923601637108,48,10,0.20833333333333334,0.5652173913043478
LUNA25,20260535,20,0.1077762619372442,50,9,0.18,0.6086956521739131
LUNA25,20260536,20,0.10231923601637108,49,11,0.22448979591836735,0.5217391304347826
LUNA25,20260537,20,0.10231923601637108,53,11,0.20754716981132076,0.5217391304347826
LUNA25,20260538,20,0.10504774897680765,52,12,0.23076923076923078,0.4782608695652174
LUNA25,20260539,20,0.09959072305593451,48,11,0.22916666666666666,0.5217391304347826
LUNA25,20260540,20,0.1009549795361528,51,12,0.23529411764705882,0.4782608695652174
LUNA25,20260541,20,0.11323328785811733,49,11,0.22448979591836735,0.5217391304347826
LUNA25,20260542,20,0.10504774897680765,48,10,0.20833333333333334,0.5652173913043478
LUNA25,20260543,20,0.1009549795361528,53,12,0.22641509433962265,0.4782608695652174
LUNA25,20260544,20,0.10231923601637108,54,13,0.24074074074074073,0.43478260869565216
LUNA25,20260545,20,0.10504774897680765,51,12,0.23529411764705882,0.4782608695652174
LUNA25,20260546,20,0.09959072305593451,53,11,0.20754716981132076,0.5217391304347826
LUNA25,20260547,20,0.10504774897680765,47,10,0.2127659574468085,0.5652173913043478
LUNA25,20260548,20,0.09822646657571624,55,12,0.21818181818181817,0.4782608695652174
LUNA25,20260549,20,0.10504774897680765,49,12,0.24489795918367346,0.4782608695652174
LUNA25,20260550,20,0.11050477489768076,46,12,0.2608695652173913,0.4782608695652174
LUNA25,20260551,20,0.09959072305593451,51,11,0.21568627450980393,0.5217391304347826
LUNA25,20260552,20,0.09822646657571624,52,11,0.21153846153846154,0.5217391304347826
LUNA25,20260553,20,0.10231923601637108,48,11,0.22916666666666666,0.5217391304347826
LUNA25,20260554,20,0.09959072305593451,54,12,0.2222222222222222,0.4782608695652174
LUNA25,20260555,20,0.10504774897680765,50,11,0.22,0.5217391304347826
LUNA25,20260556,20,0.1077762619372442,50,12,0.24,0.4782608695652174
LUNA25,20260557,20,0.1009549795361528,51,11,0.21568627450980393,0.5217391304347826
LUNA25,20260558,20,0.1077762619372442,49,12,0.24489795918367346,0.4782608695652174
LUNA25,20260559,20,0.09959072305593451,47,11,0.23404255319148937,0.5217391304347826
LUNA25,20260560,20,0.09686221009549795,52,11,0.21153846153846154,0.5217391304347826
LUNA25,20260561,20,0.1009549795361528,52,10,0.19230769230769232,0.5652173913043478
LUNA25,20260562,20,0.10504774897680765,46,10,0.21739130434782608,0.5652173913043478
LUNA25,20260563,20,0.10231923601637108,53,11,0.20754716981132076,0.5217391304347826
LUNA25,20260564,20,0.10231923601637108,50,9,0.18,0.6086956521739131
LUNA25,20260565,20,0.10641200545702592,52,11,0.21153846153846154,0.5217391304347826
LUNA25,20260566,20,0.10641200545702592,48,10,0.20833333333333334,0.5652173913043478
LUNA25,20260567,20,0.10504774897680765,52,13,0.25,0.43478260869565216
LUNA25,20260568,20,0.09959072305593451,54,12,0.2222222222222222,0.4782608695652174
LUNA25,20260569,20,0.1077762619372442,47,10,0.2127659574468085,0.5652173913043478
LUNA25,20260570,20,0.10641200545702592,51,12,0.23529411764705882,0.4782608695652174
LUNA25,20260571,20,0.10368349249658936,49,12,0.24489795918367346,0.4782608695652174
LUNA25,20260572,20,0.10641200545702592,50,11,0.22,0.5217391304347826
LUNA25,20260573,20,0.10231923601637108,51,13,0.2549019607843137,0.43478260869565216
LUNA25,20260574,20,0.10368349249658936,48,9,0.1875,0.6086956521739131
LUNA25,20260575,20,0.0941336971350614,50,11,0.22,0.5217391304347826
LUNA25,20260576,20,0.10504774897680765,49,13,0.2653061224489796,0.43478260869565216
LUNA25,20260577,20,0.1077762619372442,46,10,0.21739130434782608,0.5652173913043478
LUNA25,20260578,20,0.10504774897680765,48,10,0.20833333333333334,0.5652173913043478
LUNA25,20260579,20,0.10231923601637108,50,11,0.22,0.5217391304347826
LUNA25,20260580,20,0.10641200545702592,53,12,0.22641509433962265,0.4782608695652174
LUNA25,20260581,20,0.10368349249658936,48,12,0.25,0.4782608695652174
LUNA25,20260582,20,0.0941336971350614,51,10,0.19607843137254902,0.5652173913043478
LUNA25,20260583,20,0.1077762619372442,52,12,0.23076923076923078,0.4782608695652174
LUNA25,20260584,20,0.10231923601637108,52,12,0.23076923076923078,0.4782608695652174
LUNA25,20260585,20,0.1009549795361528,51,11,0.21568627450980393,0.5217391304347826
LUNA25,20260586,20,0.11050477489768076,48,11,0.22916666666666666,0.5217391304347826
LUNA25,20260587,20,0.09686221009549795,50,12,0.24,0.4782608695652174
LUNA25,20260588,20,0.1077762619372442,48,11,0.22916666666666666,0.5217391304347826
LUNA25,20260589,20,0.09959072305593451,53,12,0.22641509433962265,0.4782608695652174
LUNA25,20260590,20,0.10368349249658936,46,10,0.21739130434782608,0.5652173913043478
LUNA25,20260591,20,0.09822646657571624,49,11,0.22448979591836735,0.5217391304347826
LUNA25,20260592,20,0.09822646657571624,52,11,0.21153846153846154,0.5217391304347826
LUNA25,20260593,20,0.09822646657571624,52,12,0.23076923076923078,0.4782608695652174
LUNA25,20260594,20,0.1009549795361528,51,10,0.19607843137254902,0.5652173913043478
LUNA25,20260595,20,0.09959072305593451,51,9,0.17647058823529413,0.6086956521739131
LUNA25,20260596,20,0.09686221009549795,51,12,0.23529411764705882,0.4782608695652174
LUNA25,20260597,20,0.10368349249658936,46,10,0.21739130434782608,0.5652173913043478
LUNA25,20260598,20,0.10504774897680765,51,10,0.19607843137254902,0.5652173913043478
LUNA25,20260599,20,0.10641200545702592,49,12,0.24489795918367346,0.4782608695652174
LUNA25,20260600,20,0.10231923601637108,50,11,0.22,0.5217391304347826
LUNA25,20260601,20,0.10368349249658936,50,11,0.22,0.5217391304347826
LUNA25,20260602,20,0.10231923601637108,49,10,0.20408163265306123,0.5652173913043478
LUNA25,20260603,20,0.11186903137789904,49,13,0.2653061224489796,0.43478260869565216
LUNA25,20260604,20,0.10368349249658936,49,12,0.24489795918367346,0.4782608695652174
LUNA25,20260605,20,0.10368349249658936,52,11,0.21153846153846154,0.5217391304347826
LUNA25,20260606,20,0.10504774897680765,49,11,0.22448979591836735,0.5217391304347826
LUNA25,20260607,20,0.10504774897680765,50,12,0.24,0.4782608695652174
LUNA25,20260608,20,0.10504774897680765,48,10,0.20833333333333334,0.5652173913043478
LUNA25,20260609,20,0.10504774897680765,51,11,0.21568627450980393,0.5217391304347826
LUNA25,20260610,20,0.10641200545702592,49,12,0.24489795918367346,0.4782608695652174
LUNA25,20260611,20,0.10231923601637108,52,10,0.19230769230769232,0.5652173913043478
LUNA25,20260612,20,0.10641200545702592,50,12,0.24,0.4782608695652174
LUNA25,20260613,20,0.1009549795361528,47,11,0.23404255319148937,0.5217391304347826
LUNA25,20260614,20,0.1009549795361528,54,11,0.2037037037037037,0.5217391304347826
LUNA25,20260615,20,0.09140518417462483,50,10,0.2,0.5652173913043478
LUNA25,20260616,20,0.1009549795361528,48,11,0.22916666666666666,0.5217391304347826
LUNA25,20260617,20,0.10231923601637108,49,11,0.22448979591836735,0.5217391304347826
LUNA25,20260618,20,0.10641200545702592,51,12,0.23529411764705882,0.4782608695652174
LUNA25,20260619,20,0.10641200545702592,49,11,0.22448979591836735,0.5217391304347826
LUNA25,20260620,20,0.1077762619372442,50,12,0.24,0.4782608695652174
LUNA25,20260621,20,0.09822646657571624,51,12,0.23529411764705882,0.4782608695652174
LUNA25,20260622,20,0.1009549795361528,51,11,0.21568627450980393,0.5217391304347826
LUNA25,20260623,20,0.1077762619372442,47,11,0.23404255319148937,0.5217391304347826
LUNA25,20260624,20,0.1009549795361528,47,12,0.2553191489361702,0.4782608695652174
LUNA25,20260625,20,0.10641200545702592,51,12,0.23529411764705882,0.4782608695652174
LUNA25,20260626,20,0.09959072305593451,53,11,0.20754716981132076,0.5217391304347826
LUNA25,20260627,20,0.09822646657571624,50,10,0.2,0.5652173913043478
LUNA25,20260628,20,0.10504774897680765,48,11,0.22916666666666666,0.5217391304347826
LUNA25,20260629,20,0.10368349249658936,49,11,0.22448979591836735,0.5217391304347826
LNDb,20260530,20,0.10256410256410256,42,26,0.6190476190476191,0.3953488372093023
LNDb,20260531,20,0.09686609686609686,43,25,0.5813953488372093,0.4186046511627907
LNDb,20260532,20,0.09971509971509972,43,26,0.6046511627906976,0.3953488372093023
LNDb,20260533,20,0.10256410256410256,42,26,0.6190476190476191,0.3953488372093023
LNDb,20260534,20,0.09686609686609686,39,26,0.6666666666666666,0.3953488372093023
LNDb,20260535,20,0.10541310541310542,43,27,0.627906976744186,0.37209302325581395
LNDb,20260536,20,0.09971509971509972,42,27,0.6428571428571429,0.37209302325581395
LNDb,20260537,20,0.10541310541310542,43,27,0.627906976744186,0.37209302325581395
LNDb,20260538,20,0.10256410256410256,41,25,0.6097560975609756,0.4186046511627907
LNDb,20260539,20,0.09686609686609686,39,24,0.6153846153846154,0.4418604651162791
LNDb,20260540,20,0.09971509971509972,41,26,0.6341463414634146,0.3953488372093023
LNDb,20260541,20,0.10826210826210826,45,29,0.6444444444444445,0.32558139534883723
LNDb,20260542,20,0.10541310541310542,41,25,0.6097560975609756,0.4186046511627907
LNDb,20260543,20,0.09971509971509972,45,27,0.6,0.37209302325581395
LNDb,20260544,20,0.10256410256410256,43,27,0.627906976744186,0.37209302325581395
LNDb,20260545,20,0.09686609686609686,42,26,0.6190476190476191,0.3953488372093023
LNDb,20260546,20,0.10541310541310542,42,27,0.6428571428571429,0.37209302325581395
LNDb,20260547,20,0.09971509971509972,43,26,0.6046511627906976,0.3953488372093023
LNDb,20260548,20,0.09971509971509972,41,25,0.6097560975609756,0.4186046511627907
LNDb,20260549,20,0.10541310541310542,42,27,0.6428571428571429,0.37209302325581395
LNDb,20260550,20,0.11396011396011396,43,30,0.6976744186046512,0.3023255813953488
LNDb,20260551,20,0.10541310541310542,41,27,0.6585365853658537,0.37209302325581395
LNDb,20260552,20,0.09686609686609686,42,26,0.6190476190476191,0.3953488372093023
LNDb,20260553,20,0.09401709401709402,43,24,0.5581395348837209,0.4418604651162791
LNDb,20260554,20,0.10826210826210826,42,27,0.6428571428571429,0.37209302325581395
LNDb,20260555,20,0.09401709401709402,42,25,0.5952380952380952,0.4186046511627907
LNDb,20260556,20,0.09971509971509972,44,27,0.6136363636363636,0.37209302325581395
LNDb,20260557,20,0.10541310541310542,44,29,0.6590909090909091,0.32558139534883723
LNDb,20260558,20,0.09686609686609686,43,27,0.627906976744186,0.37209302325581395
LNDb,20260559,20,0.09971509971509972,44,27,0.6136363636363636,0.37209302325581395
LNDb,20260560,20,0.09971509971509972,42,26,0.6190476190476191,0.3953488372093023
LNDb,20260561,20,0.10541310541310542,44,29,0.6590909090909091,0.32558139534883723
LNDb,20260562,20,0.10256410256410256,43,28,0.6511627906976745,0.3488372093023256
LNDb,20260563,20,0.10826210826210826,43,28,0.6511627906976745,0.3488372093023256
LNDb,20260564,20,0.10256410256410256,42,25,0.5952380952380952,0.4186046511627907
LNDb,20260565,20,0.10541310541310542,45,28,0.6222222222222222,0.3488372093023256
LNDb,20260566,20,0.09401709401709402,40,26,0.65,0.3953488372093023
LNDb,20260567,20,0.09971509971509972,42,26,0.6190476190476191,0.3953488372093023
LNDb,20260568,20,0.10256410256410256,47,29,0.6170212765957447,0.32558139534883723
LNDb,20260569,20,0.09686609686609686,46,27,0.5869565217391305,0.37209302325581395
LNDb,20260570,20,0.09971509971509972,41,25,0.6097560975609756,0.4186046511627907
LNDb,20260571,20,0.10256410256410256,43,26,0.6046511627906976,0.3953488372093023
LNDb,20260572,20,0.10256410256410256,40,25,0.625,0.4186046511627907
LNDb,20260573,20,0.10256410256410256,44,27,0.6136363636363636,0.37209302325581395
LNDb,20260574,20,0.09971509971509972,43,26,0.6046511627906976,0.3953488372093023
LNDb,20260575,20,0.09686609686609686,42,26,0.6190476190476191,0.3953488372093023
LNDb,20260576,20,0.11396011396011396,42,28,0.6666666666666666,0.3488372093023256
LNDb,20260577,20,0.1111111111111111,43,30,0.6976744186046512,0.3023255813953488
LNDb,20260578,20,0.1111111111111111,47,30,0.6382978723404256,0.3023255813953488
LNDb,20260579,20,0.09401709401709402,39,26,0.6666666666666666,0.3953488372093023
LNDb,20260580,20,0.10541310541310542,45,29,0.6444444444444445,0.32558139534883723
LNDb,20260581,20,0.10256410256410256,41,26,0.6341463414634146,0.3953488372093023
LNDb,20260582,20,0.10826210826210826,44,29,0.6590909090909091,0.32558139534883723
LNDb,20260583,20,0.09971509971509972,43,26,0.6046511627906976,0.3953488372093023
LNDb,20260584,20,0.09971509971509972,40,26,0.65,0.3953488372093023
LNDb,20260585,20,0.10541310541310542,42,27,0.6428571428571429,0.37209302325581395
LNDb,20260586,20,0.10541310541310542,43,27,0.627906976744186,0.37209302325581395
LNDb,20260587,20,0.09971509971509972,44,28,0.6363636363636364,0.3488372093023256
LNDb,20260588,20,0.10541310541310542,43,28,0.6511627906976745,0.3488372093023256
LNDb,20260589,20,0.10541310541310542,42,28,0.6666666666666666,0.3488372093023256
LNDb,20260590,20,0.09116809116809117,45,26,0.5777777777777777,0.3953488372093023
LNDb,20260591,20,0.09971509971509972,43,27,0.627906976744186,0.37209302325581395
LNDb,20260592,20,0.09971509971509972,40,24,0.6,0.4418604651162791
LNDb,20260593,20,0.10256410256410256,44,28,0.6363636363636364,0.3488372093023256
LNDb,20260594,20,0.09401709401709402,40,25,0.625,0.4186046511627907
LNDb,20260595,20,0.09686609686609686,44,27,0.6136363636363636,0.37209302325581395
LNDb,20260596,20,0.09971509971509972,42,26,0.6190476190476191,0.3953488372093023
LNDb,20260597,20,0.09971509971509972,46,28,0.6086956521739131,0.3488372093023256
LNDb,20260598,20,0.09971509971509972,42,26,0.6190476190476191,0.3953488372093023
LNDb,20260599,20,0.09686609686609686,42,25,0.5952380952380952,0.4186046511627907
LNDb,20260600,20,0.10826210826210826,45,29,0.6444444444444445,0.32558139534883723
LNDb,20260601,20,0.09401709401709402,37,24,0.6486486486486487,0.4418604651162791
LNDb,20260602,20,0.09971509971509972,43,26,0.6046511627906976,0.3953488372093023
LNDb,20260603,20,0.09686609686609686,43,27,0.627906976744186,0.37209302325581395
LNDb,20260604,20,0.09116809116809117,42,25,0.5952380952380952,0.4186046511627907
LNDb,20260605,20,0.09116809116809117,41,25,0.6097560975609756,0.4186046511627907
LNDb,20260606,20,0.10541310541310542,44,28,0.6363636363636364,0.3488372093023256
LNDb,20260607,20,0.09971509971509972,38,25,0.6578947368421053,0.4186046511627907
LNDb,20260608,20,0.10826210826210826,44,27,0.6136363636363636,0.37209302325581395
LNDb,20260609,20,0.09116809116809117,42,24,0.5714285714285714,0.4418604651162791
LNDb,20260610,20,0.10541310541310542,42,28,0.6666666666666666,0.3488372093023256
LNDb,20260611,20,0.09686609686609686,42,26,0.6190476190476191,0.3953488372093023
LNDb,20260612,20,0.10541310541310542,43,30,0.6976744186046512,0.3023255813953488
LNDb,20260613,20,0.09971509971509972,42,27,0.6428571428571429,0.37209302325581395
LNDb,20260614,20,0.10826210826210826,43,28,0.6511627906976745,0.3488372093023256
LNDb,20260615,20,0.10256410256410256,41,26,0.6341463414634146,0.3953488372093023
LNDb,20260616,20,0.09686609686609686,43,26,0.6046511627906976,0.3953488372093023
LNDb,20260617,20,0.09971509971509972,43,28,0.6511627906976745,0.3488372093023256
LNDb,20260618,20,0.09401709401709402,40,25,0.625,0.4186046511627907
LNDb,20260619,20,0.10826210826210826,42,28,0.6666666666666666,0.3488372093023256
LNDb,20260620,20,0.09971509971509972,42,26,0.6190476190476191,0.3953488372093023
LNDb,20260621,20,0.11396011396011396,44,29,0.6590909090909091,0.32558139534883723
LNDb,20260622,20,0.09686609686609686,42,26,0.6190476190476191,0.3953488372093023
LNDb,20260623,20,0.09971509971509972,46,28,0.6086956521739131,0.3488372093023256
LNDb,20260624,20,0.09971509971509972,42,26,0.6190476190476191,0.3953488372093023
LNDb,20260625,20,0.09971509971509972,44,27,0.6136363636363636,0.37209302325581395
LNDb,20260626,20,0.09971509971509972,39,27,0.6923076923076923,0.37209302325581395
LNDb,20260627,20,0.10826210826210826,45,30,0.6666666666666666,0.3023255813953488
LNDb,20260628,20,0.09686609686609686,44,26,0.5909090909090909,0.3953488372093023
LNDb,20260629,20,0.10256410256410256,42,26,0.6190476190476191,0.3953488372093023
